cliente_id,edad,ingreso_anual,satisfaccion,grupo_edad,categoria_ingreso,fidelidad,valor_cliente,quintil_ingreso,satisfaccion_std
1,40,73106.0,6,Adulto,Alto,Neutral,Medio_Valor,Q5,0.1841860576413889
2,33,57659.0,3,Adulto_Joven,Medio,Insatisfecho,Riesgo,Q5,-0.8518605165914239
3,42,37414.0,5,Adulto,Medio,Insatisfecho,Bajo_Valor,Q3,-0.16116280043621536
4,53,26279.0,3,Mayor,Bajo,Insatisfecho,Riesgo,Q2,-0.8518605165914239
5,32,51488.0,2,Adulto_Joven,Medio,Insatisfecho,Riesgo,Q4,-1.1972093746690282
6,32,44211.0,3,Adulto_Joven,Medio,Insatisfecho,Riesgo,Q4,-0.8518605165914239
7,53,56817.0,6,Mayor,Medio,Neutral,Medio_Valor,Q4,0.1841860576413889
8,44,49890.0,2,Adulto,Medio,Insatisfecho,Riesgo,Q4,-1.1972093746690282
9,29,61376.0,8,Adulto_Joven,Alto,Satisfecho,Alto_Valor,Q5,0.8748837737965974
10,41,27788.0,1,Adulto,Bajo,Insatisfecho,Riesgo,Q2,-1.5425582327466325
11,29,70171.0,7,Adulto_Joven,Alto,Neutral,Medio_Valor,Q5,0.5295349157189931
12,29,40086.0,2,Adulto_Joven,Medio,Insatisfecho,Riesgo,Q3,-1.1972093746690282
13,37,102501.0,10,Adulto,Premium,Muy_Satisfecho,Alto_Valor,Q5,1.5655814899518061
14,18,25729.0,6,Joven,Bajo,Neutral,Bajo_Valor,Q2,0.1841860576413889
15,18,86507.0,2,Joven,Alto,Insatisfecho,Riesgo,Q5,-1.1972093746690282
16,28,40092.0,2,Adulto_Joven,Medio,Insatisfecho,Riesgo,Q3,-1.1972093746690282
17,22,26220.0,10,Joven,Bajo,Muy_Satisfecho,Bajo_Valor,Q2,1.5655814899518061
18,38,28511.0,8,Adulto,Bajo,Satisfecho,Bajo_Valor,Q2,0.8748837737965974
19,24,30940.0,2,Joven,Medio,Insatisfecho,Riesgo,Q2,-1.1972093746690282
20,18,44895.0,7,Joven,Medio,Neutral,Medio_Valor,Q4,0.5295349157189931
21,52,47165.0,3,Mayor,Medio,Insatisfecho,Riesgo,Q4,-0.8518605165914239
22,32,27259.0,8,Adulto_Joven,Bajo,Satisfecho,Bajo_Valor,Q2,0.8748837737965974
23,35,35875.0,7,Adulto_Joven,Medio,Neutral,Bajo_Valor,Q3,0.5295349157189931
24,18,105993.0,8,Joven,Premium,Satisfecho,Alto_Valor,Q5,0.8748837737965974
25,28,86143.0,7,Adulto_Joven,Alto,Neutral,Medio_Valor,Q5,0.5295349157189931
26,36,45168.0,6,Adulto,Medio,Neutral,Medio_Valor,Q4,0.1841860576413889
27,21,37012.0,7,Joven,Medio,Neutral,Bajo_Valor,Q3,0.5295349157189931
28,39,38561.0,5,Adulto,Medio,Insatisfecho,Bajo_Valor,Q3,-0.16116280043621536
29,27,49353.0,7,Adulto_Joven,Medio,Neutral,Medio_Valor,Q4,0.5295349157189931
30,31,21776.0,1,Adulto_Joven,Bajo,Insatisfecho,Riesgo,Q1,-1.5425582327466325
31,27,31930.0,1,Adulto_Joven,Medio,Insatisfecho,Riesgo,Q2,-1.5425582327466325
32,57,15767.0,9,Mayor,Bajo,Muy_Satisfecho,Bajo_Valor,Q1,1.2202326318742018
33,34,44338.0,5,Adulto_Joven,Medio,Insatisfecho,Bajo_Valor,Q4,-0.16116280043621536
34,22,50191.0,5,Joven,Medio,Insatisfecho,Bajo_Valor,Q4,-0.16116280043621536
35,44,28521.0,3,Adulto,Bajo,Insatisfecho,Riesgo,Q2,-0.8518605165914239
36,20,79777.0,5,Joven,Alto,Insatisfecho,Bajo_Valor,Q5,-0.16116280043621536
37,37,19675.0,3,Adulto,Bajo,Insatisfecho,Riesgo,Q1,-0.8518605165914239
38,18,17462.0,9,Joven,Bajo,Muy_Satisfecho,Bajo_Valor,Q1,1.2202326318742018
39,19,40628.0,9,Joven,Medio,Muy_Satisfecho,Medio_Valor,Q3,1.2202326318742018
40,37,61300.0,6,Adulto,Alto,Neutral,Medio_Valor,Q5,0.1841860576413889
41,43,84285.0,1,Adulto,Alto,Insatisfecho,Riesgo,Q5,-1.5425582327466325
42,37,28869.0,7,Adulto,Bajo,Neutral,Bajo_Valor,Q2,0.5295349157189931
43,33,62276.0,7,Adulto_Joven,Alto,Neutral,Medio_Valor,Q5,0.5295349157189931
44,31,35622.0,10,Adulto_Joven,Medio,Muy_Satisfecho,Bajo_Valor,Q3,1.5655814899518061
45,18,33312.0,10,Joven,Medio,Muy_Satisfecho,Bajo_Valor,Q3,1.5655814899518061
46,26,56490.0,4,Adulto_Joven,Medio,Insatisfecho,Bajo_Valor,Q4,-0.5065116585138196
47,29,50320.0,8,Adulto_Joven,Medio,Satisfecho,Medio_Valor,Q4,0.8748837737965974
48,47,16511.0,6,Adulto,Bajo,Neutral,Bajo_Valor,Q1,0.1841860576413889
49,39,75983.0,4,Adulto,Alto,Insatisfecho,Bajo_Valor,Q5,-0.5065116585138196
50,18,72406.0,4,Joven,Alto,Insatisfecho,Bajo_Valor,Q5,-0.5065116585138196
51,38,26561.0,2,Adulto,Bajo,Insatisfecho,Riesgo,Q2,-1.1972093746690282
52,30,44262.0,2,Adulto_Joven,Medio,Insatisfecho,Riesgo,Q4,-1.1972093746690282
53,26,46491.0,4,Adulto_Joven,Medio,Insatisfecho,Bajo_Valor,Q4,-0.5065116585138196
54,42,41371.0,5,Adulto,Medio,Insatisfecho,Bajo_Valor,Q3,-0.16116280043621536
55,47,27580.0,8,Adulto,Bajo,Satisfecho,Bajo_Valor,Q2,0.8748837737965974
56,46,25956.0,6,Adulto,Bajo,Neutral,Bajo_Valor,Q2,0.1841860576413889
57,24,35854.0,4,Joven,Medio,Insatisfecho,Bajo_Valor,Q3,-0.5065116585138196
58,31,65275.0,7,Adulto_Joven,Alto,Neutral,Medio_Valor,Q5,0.5295349157189931
59,38,47657.0,5,Adulto,Medio,Insatisfecho,Bajo_Valor,Q4,-0.16116280043621536
60,46,30172.0,2,Adulto,Medio,Insatisfecho,Riesgo,Q2,-1.1972093746690282
61,29,53415.0,7,Adulto_Joven,Medio,Neutral,Medio_Valor,Q4,0.5295349157189931
63,21,64497.0,2,Joven,Alto,Insatisfecho,Riesgo,Q5,-1.1972093746690282
64,20,15216.0,8,Joven,Bajo,Satisfecho,Bajo_Valor,Q1,0.8748837737965974
65,44,30296.0,2,Adulto,Medio,Insatisfecho,Riesgo,Q2,-1.1972093746690282
66,51,20747.0,9,Mayor,Bajo,Muy_Satisfecho,Bajo_Valor,Q1,1.2202326318742018
67,34,19008.0,1,Adulto_Joven,Bajo,Insatisfecho,Riesgo,Q1,-1.5425582327466325
68,47,64887.0,9,Adulto,Alto,Muy_Satisfecho,Alto_Valor,Q5,1.2202326318742018
69,39,28742.0,1,Adulto,Bajo,Insatisfecho,Riesgo,Q2,-1.5425582327466325
70,27,43185.0,10,Adulto_Joven,Medio,Muy_Satisfecho,Medio_Valor,Q4,1.5655814899518061
71,39,35473.0,10,Adulto,Medio,Muy_Satisfecho,Bajo_Valor,Q3,1.5655814899518061
72,53,46097.0,2,Mayor,Medio,Insatisfecho,Riesgo,Q4,-1.1972093746690282
73,34,37737.0,6,Adulto_Joven,Medio,Neutral,Bajo_Valor,Q3,0.1841860576413889
74,53,19120.0,6,Mayor,Bajo,Neutral,Bajo_Valor,Q1,0.1841860576413889
75,18,59762.0,1,Joven,Medio,Insatisfecho,Riesgo,Q5,-1.5425582327466325
76,44,28370.0,7,Adulto,Bajo,Neutral,Bajo_Valor,Q2,0.5295349157189931
77,36,16675.0,8,Adulto,Bajo,Satisfecho,Bajo_Valor,Q1,0.8748837737965974
78,31,29317.0,2,Adulto_Joven,Bajo,Insatisfecho,Riesgo,Q2,-1.1972093746690282
79,36,76909.0,8,Adulto,Alto,Satisfecho,Alto_Valor,Q5,0.8748837737965974
80,18,55554.0,9,Joven,Medio,Muy_Satisfecho,Medio_Valor,Q4,1.2202326318742018
81,32,30505.0,6,Adulto_Joven,Medio,Neutral,Bajo_Valor,Q2,0.1841860576413889
82,39,30496.0,5,Adulto,Medio,Insatisfecho,Bajo_Valor,Q2,-0.16116280043621536
83,52,30920.0,9,Mayor,Medio,Muy_Satisfecho,Bajo_Valor,Q2,1.2202326318742018
84,28,102577.0,9,Adulto_Joven,Premium,Muy_Satisfecho,Alto_Valor,Q5,1.2202326318742018
85,25,43957.0,1,Joven,Medio,Insatisfecho,Riesgo,Q4,-1.5425582327466325
86,28,45027.0,3,Adulto_Joven,Medio,Insatisfecho,Riesgo,Q4,-0.8518605165914239
87,45,60787.0,9,Adulto,Alto,Muy_Satisfecho,Alto_Valor,Q5,1.2202326318742018
88,38,40920.0,2,Adulto,Medio,Insatisfecho,Riesgo,Q3,-1.1972093746690282
89,28,31903.0,4,Adulto_Joven,Medio,Insatisfecho,Bajo_Valor,Q2,-0.5065116585138196
90,41,32919.0,4,Adulto,Medio,Insatisfecho,Bajo_Valor,Q2,-0.5065116585138196
91,36,35038.0,2,Adulto,Medio,Insatisfecho,Riesgo,Q3,-1.1972093746690282
92,46,35645.0,3,Adulto,Medio,Insatisfecho,Riesgo,Q3,-0.8518605165914239
93,26,52251.0,3,Adulto_Joven,Medio,Insatisfecho,Riesgo,Q4,-0.8518605165914239
94,31,37271.0,1,Adulto_Joven,Medio,Insatisfecho,Riesgo,Q3,-1.5425582327466325
95,30,52382.0,6,Adulto_Joven,Medio,Neutral,Medio_Valor,Q4,0.1841860576413889
96,18,34879.0,8,Joven,Medio,Satisfecho,Bajo_Valor,Q3,0.8748837737965974
97,38,37771.0,3,Adulto,Medio,Insatisfecho,Riesgo,Q3,-0.8518605165914239
98,38,13371.0,5,Adulto,Bajo,Insatisfecho,Bajo_Valor,Q1,-0.16116280043621536
99,35,57420.0,1,Adulto_Joven,Medio,Insatisfecho,Riesgo,Q4,-1.5425582327466325
100,32,43184.0,10,Adulto_Joven,Medio,Muy_Satisfecho,Medio_Valor,Q4,1.5655814899518061
101,18,59814.0,7,Joven,Medio,Neutral,Medio_Valor,Q5,0.5295349157189931
102,29,8534.0,10,Adulto_Joven,Bajo,Muy_Satisfecho,Bajo_Valor,Q1,1.5655814899518061
103,30,103175.0,1,Adulto_Joven,Premium,Insatisfecho,Riesgo,Q5,-1.5425582327466325
104,25,33867.0,9,Joven,Medio,Muy_Satisfecho,Bajo_Valor,Q3,1.2202326318742018
105,33,63202.0,8,Adulto_Joven,Alto,Satisfecho,Alto_Valor,Q5,0.8748837737965974
106,39,21591.0,7,Adulto,Bajo,Neutral,Bajo_Valor,Q1,0.5295349157189931
107,57,49334.0,10,Mayor,Medio,Muy_Satisfecho,Medio_Valor,Q4,1.5655814899518061
108,37,21445.0,7,Adulto,Bajo,Neutral,Bajo_Valor,Q1,0.5295349157189931
109,38,26585.0,5,Adulto,Bajo,Insatisfecho,Bajo_Valor,Q2,-0.16116280043621536
110,34,94562.0,5,Adulto_Joven,Alto,Insatisfecho,Bajo_Valor,Q5,-0.16116280043621536
111,18,33013.0,5,Joven,Medio,Insatisfecho,Bajo_Valor,Q2,-0.16116280043621536
112,34,40486.0,1,Adulto_Joven,Medio,Insatisfecho,Riesgo,Q3,-1.5425582327466325
113,35,56108.0,8,Adulto_Joven,Medio,Satisfecho,Medio_Valor,Q4,0.8748837737965974
114,64,46529.0,1,Mayor,Medio,Insatisfecho,Riesgo,Q4,-1.5425582327466325
115,32,39152.0,4,Adulto_Joven,Medio,Insatisfecho,Bajo_Valor,Q3,-0.5065116585138196
116,38,43585.0,9,Adulto,Medio,Muy_Satisfecho,Medio_Valor,Q4,1.2202326318742018
117,34,116351.92000000009,9,Adulto_Joven,Premium,Muy_Satisfecho,Alto_Valor,Q5,1.2202326318742018
118,20,35284.0,5,Joven,Medio,Insatisfecho,Bajo_Valor,Q3,-0.16116280043621536
119,48,40156.0,4,Adulto,Medio,Insatisfecho,Bajo_Valor,Q3,-0.5065116585138196
120,44,61409.0,3,Adulto,Alto,Insatisfecho,Riesgo,Q5,-0.8518605165914239
121,44,63118.0,3,Adulto,Alto,Insatisfecho,Riesgo,Q5,-0.8518605165914239
122,24,65743.0,5,Joven,Alto,Insatisfecho,Bajo_Valor,Q5,-0.16116280043621536
123,51,49979.0,10,Mayor,Medio,Muy_Satisfecho,Medio_Valor,Q4,1.5655814899518061
124,18,20506.0,1,Joven,Bajo,Insatisfecho,Riesgo,Q1,-1.5425582327466325
125,42,82183.0,5,Adulto,Alto,Insatisfecho,Bajo_Valor,Q5,-0.16116280043621536
126,61,20472.0,6,Mayor,Bajo,Neutral,Bajo_Valor,Q1,0.1841860576413889
127,23,42248.0,7,Joven,Medio,Neutral,Medio_Valor,Q3,0.5295349157189931
128,28,24905.0,9,Adulto_Joven,Bajo,Muy_Satisfecho,Bajo_Valor,Q1,1.2202326318742018
129,36,35169.0,3,Adulto,Medio,Insatisfecho,Riesgo,Q3,-0.8518605165914239
130,28,42803.0,2,Adulto_Joven,Medio,Insatisfecho,Riesgo,Q4,-1.1972093746690282
131,18,42645.0,3,Joven,Medio,Insatisfecho,Riesgo,Q4,-0.8518605165914239
132,35,44844.0,9,Adulto_Joven,Medio,Muy_Satisfecho,Medio_Valor,Q4,1.2202326318742018
133,22,81377.0,7,Joven,Alto,Neutral,Medio_Valor,Q5,0.5295349157189931
134,40,45559.0,9,Adulto,Medio,Muy_Satisfecho,Medio_Valor,Q4,1.2202326318742018
135,23,32142.0,2,Joven,Medio,Insatisfecho,Riesgo,Q2,-1.1972093746690282
136,53,58808.0,5,Mayor,Medio,Insatisfecho,Bajo_Valor,Q5,-0.16116280043621536
137,25,65823.0,4,Joven,Alto,Insatisfecho,Bajo_Valor,Q5,-0.5065116585138196
138,31,19657.0,2,Adulto_Joven,Bajo,Insatisfecho,Riesgo,Q1,-1.1972093746690282
139,44,48957.0,9,Adulto,Medio,Muy_Satisfecho,Medio_Valor,Q4,1.2202326318742018
140,20,51564.0,9,Joven,Medio,Muy_Satisfecho,Medio_Valor,Q4,1.2202326318742018
141,37,31295.0,6,Adulto,Medio,Neutral,Bajo_Valor,Q2,0.1841860576413889
142,50,72247.0,6,Adulto,Alto,Neutral,Medio_Valor,Q5,0.1841860576413889
143,18,33690.0,8,Joven,Medio,Satisfecho,Bajo_Valor,Q3,0.8748837737965974
144,37,38668.0,6,Adulto,Medio,Neutral,Bajo_Valor,Q3,0.1841860576413889
145,38,33305.0,1,Adulto,Medio,Insatisfecho,Riesgo,Q2,-1.5425582327466325
146,44,36599.0,4,Adulto,Medio,Insatisfecho,Bajo_Valor,Q3,-0.5065116585138196
147,20,20991.0,7,Joven,Bajo,Neutral,Bajo_Valor,Q1,0.5295349157189931
148,19,17676.0,2,Joven,Bajo,Insatisfecho,Riesgo,Q1,-1.1972093746690282
149,41,80599.0,9,Adulto,Alto,Muy_Satisfecho,Alto_Valor,Q5,1.2202326318742018
150,38,23778.0,8,Adulto,Bajo,Satisfecho,Bajo_Valor,Q1,0.8748837737965974
151,38,22121.0,8,Adulto,Bajo,Satisfecho,Bajo_Valor,Q1,0.8748837737965974
152,39,12373.0,7,Adulto,Bajo,Neutral,Bajo_Valor,Q1,0.5295349157189931
153,26,26384.0,4,Adulto_Joven,Bajo,Insatisfecho,Bajo_Valor,Q2,-0.5065116585138196
154,37,18740.0,2,Adulto,Bajo,Insatisfecho,Riesgo,Q1,-1.1972093746690282
155,38,82537.0,3,Adulto,Alto,Insatisfecho,Riesgo,Q5,-0.8518605165914239
156,26,60168.0,6,Adulto_Joven,Alto,Neutral,Medio_Valor,Q5,0.1841860576413889
157,57,25743.0,5,Mayor,Bajo,Insatisfecho,Bajo_Valor,Q2,-0.16116280043621536
158,40,111995.0,5,Adulto,Premium,Insatisfecho,Bajo_Valor,Q5,-0.16116280043621536
159,20,59330.0,6,Joven,Medio,Neutral,Medio_Valor,Q5,0.1841860576413889
160,42,30871.0,6,Adulto,Medio,Neutral,Bajo_Valor,Q2,0.1841860576413889
161,23,10407.0,1,Joven,Bajo,Insatisfecho,Riesgo,Q1,-1.5425582327466325
162,44,114173.0,4,Adulto,Premium,Insatisfecho,Bajo_Valor,Q5,-0.5065116585138196
163,48,18128.0,5,Adulto,Bajo,Insatisfecho,Bajo_Valor,Q1,-0.16116280043621536
164,25,15951.0,3,Joven,Bajo,Insatisfecho,Riesgo,Q1,-0.8518605165914239
165,46,60553.0,9,Adulto,Alto,Muy_Satisfecho,Alto_Valor,Q5,1.2202326318742018
166,39,116351.92000000009,1,Adulto,Premium,Insatisfecho,Riesgo,Q5,-1.5425582327466325
167,44,72557.0,6,Adulto,Alto,Neutral,Medio_Valor,Q5,0.1841860576413889
168,57,48144.0,6,Mayor,Medio,Neutral,Medio_Valor,Q4,0.1841860576413889
169,32,48892.0,10,Adulto_Joven,Medio,Muy_Satisfecho,Medio_Valor,Q4,1.5655814899518061
170,25,55642.0,5,Joven,Medio,Insatisfecho,Bajo_Valor,Q4,-0.16116280043621536
171,24,53075.0,5,Joven,Medio,Insatisfecho,Bajo_Valor,Q4,-0.16116280043621536
172,25,41797.0,10,Joven,Medio,Muy_Satisfecho,Medio_Valor,Q3,1.5655814899518061
173,34,38257.0,5,Adulto_Joven,Medio,Insatisfecho,Bajo_Valor,Q3,-0.16116280043621536
174,39,35196.0,6,Adulto,Medio,Neutral,Bajo_Valor,Q3,0.1841860576413889
175,38,24909.0,8,Adulto,Bajo,Satisfecho,Bajo_Valor,Q1,0.8748837737965974
176,44,31560.0,2,Adulto,Medio,Insatisfecho,Riesgo,Q2,-1.1972093746690282
177,35,15576.0,6,Adulto_Joven,Bajo,Neutral,Bajo_Valor,Q1,0.1841860576413889
178,52,34573.0,1,Mayor,Medio,Insatisfecho,Riesgo,Q3,-1.5425582327466325
179,31,22152.0,4,Adulto_Joven,Bajo,Insatisfecho,Bajo_Valor,Q1,-0.5065116585138196
180,67,20914.0,10,Mayor,Bajo,Muy_Satisfecho,Bajo_Valor,Q1,1.5655814899518061
181,42,39733.0,3,Adulto,Medio,Insatisfecho,Riesgo,Q3,-0.8518605165914239
182,24,72838.0,9,Joven,Alto,Muy_Satisfecho,Alto_Valor,Q5,1.2202326318742018
183,22,57478.0,3,Joven,Medio,Insatisfecho,Riesgo,Q4,-0.8518605165914239
184,40,16560.0,6,Adulto,Bajo,Neutral,Bajo_Valor,Q1,0.1841860576413889
185,32,22140.0,1,Adulto_Joven,Bajo,Insatisfecho,Riesgo,Q1,-1.5425582327466325
186,43,58127.0,6,Adulto,Medio,Neutral,Medio_Valor,Q5,0.1841860576413889
187,40,22220.0,4,Adulto,Bajo,Insatisfecho,Bajo_Valor,Q1,-0.5065116585138196
188,34,32457.0,8,Adulto_Joven,Medio,Satisfecho,Bajo_Valor,Q2,0.8748837737965974
189,24,47811.0,9,Joven,Medio,Muy_Satisfecho,Medio_Valor,Q4,1.2202326318742018
190,18,22377.0,4,Joven,Bajo,Insatisfecho,Bajo_Valor,Q1,-0.5065116585138196
191,29,38280.0,10,Adulto_Joven,Medio,Muy_Satisfecho,Bajo_Valor,Q3,1.5655814899518061
192,45,18638.0,10,Adulto,Bajo,Muy_Satisfecho,Bajo_Valor,Q1,1.5655814899518061
193,37,26884.0,6,Adulto,Bajo,Neutral,Bajo_Valor,Q2,0.1841860576413889
194,20,42611.0,1,Joven,Medio,Insatisfecho,Riesgo,Q3,-1.5425582327466325
195,37,16374.0,4,Adulto,Bajo,Insatisfecho,Bajo_Valor,Q1,-0.5065116585138196
196,39,45262.0,7,Adulto,Medio,Neutral,Medio_Valor,Q4,0.5295349157189931
197,24,35960.0,1,Joven,Medio,Insatisfecho,Riesgo,Q3,-1.5425582327466325
198,36,47870.0,8,Adulto,Medio,Satisfecho,Medio_Valor,Q4,0.8748837737965974
199,35,40617.0,10,Adulto_Joven,Medio,Muy_Satisfecho,Medio_Valor,Q3,1.5655814899518061
200,21,71830.0,6,Joven,Alto,Neutral,Medio_Valor,Q5,0.1841860576413889
201,39,38661.0,5,Adulto,Medio,Insatisfecho,Bajo_Valor,Q3,-0.16116280043621536
202,41,29298.0,10,Adulto,Bajo,Muy_Satisfecho,Bajo_Valor,Q2,1.5655814899518061
203,47,38605.0,9,Adulto,Medio,Muy_Satisfecho,Bajo_Valor,Q3,1.2202326318742018
204,47,47650.0,2,Adulto,Medio,Insatisfecho,Riesgo,Q4,-1.1972093746690282
205,18,37213.0,5,Joven,Medio,Insatisfecho,Bajo_Valor,Q3,-0.16116280043621536
206,23,37060.0,6,Joven,Medio,Neutral,Bajo_Valor,Q3,0.1841860576413889
207,41,25565.0,7,Adulto,Bajo,Neutral,Bajo_Valor,Q2,0.5295349157189931
208,41,26070.0,5,Adulto,Bajo,Insatisfecho,Bajo_Valor,Q2,-0.16116280043621536
209,41,18010.0,9,Adulto,Bajo,Muy_Satisfecho,Bajo_Valor,Q1,1.2202326318742018
210,80,87097.0,1,Mayor,Alto,Insatisfecho,Riesgo,Q5,-1.5425582327466325
211,41,19498.0,7,Adulto,Bajo,Neutral,Bajo_Valor,Q1,0.5295349157189931
212,48,25682.0,10,Adulto,Bajo,Muy_Satisfecho,Bajo_Valor,Q2,1.5655814899518061
213,46,25356.0,7,Adulto,Bajo,Neutral,Bajo_Valor,Q2,0.5295349157189931
214,42,56809.0,4,Adulto,Medio,Insatisfecho,Bajo_Valor,Q4,-0.5065116585138196
215,31,31336.0,9,Adulto_Joven,Medio,Muy_Satisfecho,Bajo_Valor,Q2,1.2202326318742018
216,44,67769.0,5,Adulto,Alto,Insatisfecho,Bajo_Valor,Q5,-0.16116280043621536
217,25,25932.0,4,Joven,Bajo,Insatisfecho,Bajo_Valor,Q2,-0.5065116585138196
218,32,41751.0,7,Adulto_Joven,Medio,Neutral,Medio_Valor,Q3,0.5295349157189931
219,29,23916.0,4,Adulto_Joven,Bajo,Insatisfecho,Bajo_Valor,Q1,-0.5065116585138196
220,35,106146.0,3,Adulto_Joven,Premium,Insatisfecho,Riesgo,Q5,-0.8518605165914239
221,62,20054.0,9,Mayor,Bajo,Muy_Satisfecho,Bajo_Valor,Q1,1.2202326318742018
222,18,42400.0,8,Joven,Medio,Satisfecho,Medio_Valor,Q3,0.8748837737965974
223,43,49855.0,1,Adulto,Medio,Insatisfecho,Riesgo,Q4,-1.5425582327466325
224,18,44662.0,7,Joven,Medio,Neutral,Medio_Valor,Q4,0.5295349157189931
225,29,33102.0,9,Adulto_Joven,Medio,Muy_Satisfecho,Bajo_Valor,Q2,1.2202326318742018
226,48,34033.0,8,Adulto,Medio,Satisfecho,Bajo_Valor,Q3,0.8748837737965974
227,35,37119.0,8,Adulto_Joven,Medio,Satisfecho,Bajo_Valor,Q3,0.8748837737965974
228,22,33742.0,6,Joven,Medio,Neutral,Bajo_Valor,Q3,0.1841860576413889
229,26,58802.0,4,Adulto_Joven,Medio,Insatisfecho,Bajo_Valor,Q5,-0.5065116585138196
230,43,109673.0,8,Adulto,Premium,Satisfecho,Alto_Valor,Q5,0.8748837737965974
231,26,27481.0,3,Adulto_Joven,Bajo,Insatisfecho,Riesgo,Q2,-0.8518605165914239
232,37,18308.0,9,Adulto,Bajo,Muy_Satisfecho,Bajo_Valor,Q1,1.2202326318742018
233,35,34747.0,2,Adulto_Joven,Medio,Insatisfecho,Riesgo,Q3,-1.1972093746690282
234,27,116351.92000000009,2,Adulto_Joven,Premium,Insatisfecho,Riesgo,Q5,-1.1972093746690282
235,60,24298.0,7,Mayor,Bajo,Neutral,Bajo_Valor,Q1,0.5295349157189931
236,42,82417.0,10,Adulto,Alto,Muy_Satisfecho,Alto_Valor,Q5,1.5655814899518061
237,18,84023.0,4,Joven,Alto,Insatisfecho,Bajo_Valor,Q5,-0.5065116585138196
238,37,27534.0,10,Adulto,Bajo,Muy_Satisfecho,Bajo_Valor,Q2,1.5655814899518061
239,27,48266.0,8,Adulto_Joven,Medio,Satisfecho,Medio_Valor,Q4,0.8748837737965974
240,45,81977.0,9,Adulto,Alto,Muy_Satisfecho,Alto_Valor,Q5,1.2202326318742018
241,25,30044.0,7,Joven,Medio,Neutral,Bajo_Valor,Q2,0.5295349157189931
242,33,32800.0,5,Adulto_Joven,Medio,Insatisfecho,Bajo_Valor,Q2,-0.16116280043621536
243,41,27150.0,8,Adulto,Bajo,Satisfecho,Bajo_Valor,Q2,0.8748837737965974
244,45,21864.0,4,Adulto,Bajo,Insatisfecho,Bajo_Valor,Q1,-0.5065116585138196
245,20,26248.0,2,Joven,Bajo,Insatisfecho,Riesgo,Q2,-1.1972093746690282
246,30,19693.0,6,Adulto_Joven,Bajo,Neutral,Bajo_Valor,Q1,0.1841860576413889
247,29,36939.0,9,Adulto_Joven,Medio,Muy_Satisfecho,Bajo_Valor,Q3,1.2202326318742018
248,27,24711.0,1,Adulto_Joven,Bajo,Insatisfecho,Riesgo,Q1,-1.5425582327466325
249,56,40818.0,10,Mayor,Medio,Muy_Satisfecho,Medio_Valor,Q3,1.5655814899518061
250,39,16681.0,7,Adulto,Bajo,Neutral,Bajo_Valor,Q1,0.5295349157189931
251,19,42849.0,10,Joven,Medio,Muy_Satisfecho,Medio_Valor,Q4,1.5655814899518061
252,46,55092.0,9,Adulto,Medio,Muy_Satisfecho,Medio_Valor,Q4,1.2202326318742018
253,60,13401.0,10,Mayor,Bajo,Muy_Satisfecho,Bajo_Valor,Q1,1.5655814899518061
254,47,43784.0,9,Adulto,Medio,Muy_Satisfecho,Medio_Valor,Q4,1.2202326318742018
255,18,67092.0,10,Joven,Alto,Muy_Satisfecho,Alto_Valor,Q5,1.5655814899518061
256,29,19834.0,3,Adulto_Joven,Bajo,Insatisfecho,Riesgo,Q1,-0.8518605165914239
257,50,83808.0,5,Adulto,Alto,Insatisfecho,Bajo_Valor,Q5,-0.16116280043621536
258,26,44779.0,8,Adulto_Joven,Medio,Satisfecho,Medio_Valor,Q4,0.8748837737965974
259,40,25527.0,8,Adulto,Bajo,Satisfecho,Bajo_Valor,Q2,0.8748837737965974
260,44,35316.0,4,Adulto,Medio,Insatisfecho,Bajo_Valor,Q3,-0.5065116585138196
261,23,48009.0,1,Joven,Medio,Insatisfecho,Riesgo,Q4,-1.5425582327466325
262,34,37722.0,1,Adulto_Joven,Medio,Insatisfecho,Riesgo,Q3,-1.5425582327466325
263,18,47542.0,4,Joven,Medio,Insatisfecho,Bajo_Valor,Q4,-0.5065116585138196
264,22,22917.0,6,Joven,Bajo,Neutral,Bajo_Valor,Q1,0.1841860576413889
265,31,39524.0,8,Adulto_Joven,Medio,Satisfecho,Bajo_Valor,Q3,0.8748837737965974
266,20,17910.0,6,Joven,Bajo,Neutral,Bajo_Valor,Q1,0.1841860576413889
267,54,34351.0,9,Mayor,Medio,Muy_Satisfecho,Bajo_Valor,Q3,1.2202326318742018
268,18,23110.0,9,Joven,Bajo,Muy_Satisfecho,Bajo_Valor,Q1,1.2202326318742018
269,29,25140.0,2,Adulto_Joven,Bajo,Insatisfecho,Riesgo,Q2,-1.1972093746690282
270,36,67376.0,10,Adulto,Alto,Muy_Satisfecho,Alto_Valor,Q5,1.5655814899518061
271,52,62671.0,1,Mayor,Alto,Insatisfecho,Riesgo,Q5,-1.5425582327466325
272,18,49245.0,2,Joven,Medio,Insatisfecho,Riesgo,Q4,-1.1972093746690282
273,48,21032.0,5,Adulto,Bajo,Insatisfecho,Bajo_Valor,Q1,-0.16116280043621536
274,35,31001.0,4,Adulto_Joven,Medio,Insatisfecho,Bajo_Valor,Q2,-0.5065116585138196
275,23,66605.0,4,Joven,Alto,Insatisfecho,Bajo_Valor,Q5,-0.5065116585138196
276,40,38982.0,9,Adulto,Medio,Muy_Satisfecho,Bajo_Valor,Q3,1.2202326318742018
277,37,115805.0,8,Adulto,Premium,Satisfecho,Alto_Valor,Q5,0.8748837737965974
278,27,44207.0,6,Adulto_Joven,Medio,Neutral,Medio_Valor,Q4,0.1841860576413889
279,35,39975.0,1,Adulto_Joven,Medio,Insatisfecho,Riesgo,Q3,-1.5425582327466325
280,30,31114.0,2,Adulto_Joven,Medio,Insatisfecho,Riesgo,Q2,-1.1972093746690282
281,36,38823.0,6,Adulto,Medio,Neutral,Bajo_Valor,Q3,0.1841860576413889
282,42,33649.0,2,Adulto,Medio,Insatisfecho,Riesgo,Q3,-1.1972093746690282
283,54,51743.0,10,Mayor,Medio,Muy_Satisfecho,Medio_Valor,Q4,1.5655814899518061
284,20,58591.0,5,Joven,Medio,Insatisfecho,Bajo_Valor,Q5,-0.16116280043621536
285,60,24514.0,5,Mayor,Bajo,Insatisfecho,Bajo_Valor,Q1,-0.16116280043621536
286,18,18664.0,6,Joven,Bajo,Neutral,Bajo_Valor,Q1,0.1841860576413889
287,33,14499.0,6,Adulto_Joven,Bajo,Neutral,Bajo_Valor,Q1,0.1841860576413889
288,42,46816.0,6,Adulto,Medio,Neutral,Medio_Valor,Q4,0.1841860576413889
289,38,20916.0,2,Adulto,Bajo,Insatisfecho,Riesgo,Q1,-1.1972093746690282
290,27,12376.0,10,Adulto_Joven,Bajo,Muy_Satisfecho,Bajo_Valor,Q1,1.5655814899518061
291,32,44103.0,3,Adulto_Joven,Medio,Insatisfecho,Riesgo,Q4,-0.8518605165914239
292,29,116351.92000000009,6,Adulto_Joven,Premium,Neutral,Medio_Valor,Q5,0.1841860576413889
293,27,36205.0,8,Adulto_Joven,Medio,Satisfecho,Bajo_Valor,Q3,0.8748837737965974
294,45,55229.0,1,Adulto,Medio,Insatisfecho,Riesgo,Q4,-1.5425582327466325
295,39,37832.0,1,Adulto,Medio,Insatisfecho,Riesgo,Q3,-1.5425582327466325
296,26,34563.0,2,Adulto_Joven,Medio,Insatisfecho,Riesgo,Q3,-1.1972093746690282
298,38,31409.0,9,Adulto,Medio,Muy_Satisfecho,Bajo_Valor,Q2,1.2202326318742018
299,44,41510.0,4,Adulto,Medio,Insatisfecho,Bajo_Valor,Q3,-0.5065116585138196
300,42,42652.0,3,Adulto,Medio,Insatisfecho,Riesgo,Q4,-0.8518605165914239
301,25,26002.0,8,Joven,Bajo,Satisfecho,Bajo_Valor,Q2,0.8748837737965974
302,28,59636.0,10,Adulto_Joven,Medio,Muy_Satisfecho,Medio_Valor,Q5,1.5655814899518061
303,43,33273.0,9,Adulto,Medio,Muy_Satisfecho,Bajo_Valor,Q2,1.2202326318742018
304,42,24887.0,5,Adulto,Bajo,Insatisfecho,Bajo_Valor,Q1,-0.16116280043621536
305,34,47489.0,9,Adulto_Joven,Medio,Muy_Satisfecho,Medio_Valor,Q4,1.2202326318742018
306,36,23173.0,2,Adulto,Bajo,Insatisfecho,Riesgo,Q1,-1.1972093746690282
307,50,36830.0,3,Adulto,Medio,Insatisfecho,Riesgo,Q3,-0.8518605165914239
308,27,36150.0,7,Adulto_Joven,Medio,Neutral,Bajo_Valor,Q3,0.5295349157189931
309,41,62501.0,7,Adulto,Alto,Neutral,Medio_Valor,Q5,0.5295349157189931
310,32,46043.0,6,Adulto_Joven,Medio,Neutral,Medio_Valor,Q4,0.1841860576413889
311,32,35863.0,6,Adulto_Joven,Medio,Neutral,Bajo_Valor,Q3,0.1841860576413889
312,48,54659.0,2,Adulto,Medio,Insatisfecho,Riesgo,Q4,-1.1972093746690282
313,44,72773.0,10,Adulto,Alto,Muy_Satisfecho,Alto_Valor,Q5,1.5655814899518061
314,44,47997.0,6,Adulto,Medio,Neutral,Medio_Valor,Q4,0.1841860576413889
315,50,36503.0,4,Adulto,Medio,Insatisfecho,Bajo_Valor,Q3,-0.5065116585138196
316,35,18846.0,3,Adulto_Joven,Bajo,Insatisfecho,Riesgo,Q1,-0.8518605165914239
317,43,21320.0,2,Adulto,Bajo,Insatisfecho,Riesgo,Q1,-1.1972093746690282
318,31,31175.0,1,Adulto_Joven,Medio,Insatisfecho,Riesgo,Q2,-1.5425582327466325
319,38,26775.0,5,Adulto,Bajo,Insatisfecho,Bajo_Valor,Q2,-0.16116280043621536
320,33,33074.0,2,Adulto_Joven,Medio,Insatisfecho,Riesgo,Q2,-1.1972093746690282
321,36,37358.0,2,Adulto,Medio,Insatisfecho,Riesgo,Q3,-1.1972093746690282
322,42,47327.0,7,Adulto,Medio,Neutral,Medio_Valor,Q4,0.5295349157189931
323,25,35057.0,8,Joven,Medio,Satisfecho,Bajo_Valor,Q3,0.8748837737965974
324,60,46316.0,10,Mayor,Medio,Muy_Satisfecho,Medio_Valor,Q4,1.5655814899518061
325,22,37505.0,8,Joven,Medio,Satisfecho,Bajo_Valor,Q3,0.8748837737965974
326,20,13524.0,4,Joven,Bajo,Insatisfecho,Bajo_Valor,Q1,-0.5065116585138196
327,48,22704.0,1,Adulto,Bajo,Insatisfecho,Riesgo,Q1,-1.5425582327466325
328,44,33791.0,7,Adulto,Medio,Neutral,Bajo_Valor,Q3,0.5295349157189931
329,42,19833.0,1,Adulto,Bajo,Insatisfecho,Riesgo,Q1,-1.5425582327466325
330,42,49019.0,4,Adulto,Medio,Insatisfecho,Bajo_Valor,Q4,-0.5065116585138196
331,34,78071.0,8,Adulto_Joven,Alto,Satisfecho,Alto_Valor,Q5,0.8748837737965974
332,24,66794.0,2,Joven,Alto,Insatisfecho,Riesgo,Q5,-1.1972093746690282
333,35,32639.0,6,Adulto_Joven,Medio,Neutral,Bajo_Valor,Q2,0.1841860576413889
334,26,76524.0,6,Adulto_Joven,Alto,Neutral,Medio_Valor,Q5,0.1841860576413889
335,46,39117.0,9,Adulto,Medio,Muy_Satisfecho,Bajo_Valor,Q3,1.2202326318742018
336,33,30682.0,5,Adulto_Joven,Medio,Insatisfecho,Bajo_Valor,Q2,-0.16116280043621536
337,25,26723.0,10,Joven,Bajo,Muy_Satisfecho,Bajo_Valor,Q2,1.5655814899518061
338,31,31218.0,4,Adulto_Joven,Medio,Insatisfecho,Bajo_Valor,Q2,-0.5065116585138196
339,39,29908.0,5,Adulto,Bajo,Insatisfecho,Bajo_Valor,Q2,-0.16116280043621536
340,28,39545.0,10,Adulto_Joven,Medio,Muy_Satisfecho,Bajo_Valor,Q3,1.5655814899518061
341,25,39351.0,5,Joven,Medio,Insatisfecho,Bajo_Valor,Q3,-0.16116280043621536
342,37,36370.0,8,Adulto,Medio,Satisfecho,Bajo_Valor,Q3,0.8748837737965974
343,37,45182.0,10,Adulto,Medio,Muy_Satisfecho,Medio_Valor,Q4,1.5655814899518061
344,28,65862.0,8,Adulto_Joven,Alto,Satisfecho,Alto_Valor,Q5,0.8748837737965974
345,29,58382.0,2,Adulto_Joven,Medio,Insatisfecho,Riesgo,Q5,-1.1972093746690282
346,37,17284.0,7,Adulto,Bajo,Neutral,Bajo_Valor,Q1,0.5295349157189931
347,18,10127.0,8,Joven,Bajo,Satisfecho,Bajo_Valor,Q1,0.8748837737965974
348,18,57939.0,6,Joven,Medio,Neutral,Medio_Valor,Q5,0.1841860576413889
349,26,18334.0,5,Adulto_Joven,Bajo,Insatisfecho,Bajo_Valor,Q1,-0.16116280043621536
350,32,32455.0,9,Adulto_Joven,Medio,Muy_Satisfecho,Bajo_Valor,Q2,1.2202326318742018
351,38,20230.0,3,Adulto,Bajo,Insatisfecho,Riesgo,Q1,-0.8518605165914239
352,52,14750.0,10,Mayor,Bajo,Muy_Satisfecho,Bajo_Valor,Q1,1.5655814899518061
353,45,47606.0,4,Adulto,Medio,Insatisfecho,Bajo_Valor,Q4,-0.5065116585138196
354,33,53081.0,9,Adulto_Joven,Medio,Muy_Satisfecho,Medio_Valor,Q4,1.2202326318742018
355,34,27221.0,6,Adulto_Joven,Bajo,Neutral,Bajo_Valor,Q2,0.1841860576413889
356,22,9941.0,8,Joven,Bajo,Satisfecho,Bajo_Valor,Q1,0.8748837737965974
357,34,27636.0,7,Adulto_Joven,Bajo,Neutral,Bajo_Valor,Q2,0.5295349157189931
358,31,44174.0,2,Adulto_Joven,Medio,Insatisfecho,Riesgo,Q4,-1.1972093746690282
359,38,17336.0,3,Adulto,Bajo,Insatisfecho,Riesgo,Q1,-0.8518605165914239
360,25,39802.0,1,Joven,Medio,Insatisfecho,Riesgo,Q3,-1.5425582327466325
361,41,36038.0,9,Adulto,Medio,Muy_Satisfecho,Bajo_Valor,Q3,1.2202326318742018
362,53,48515.0,7,Mayor,Medio,Neutral,Medio_Valor,Q4,0.5295349157189931
363,33,38553.0,1,Adulto_Joven,Medio,Insatisfecho,Riesgo,Q3,-1.5425582327466325
364,39,22325.0,3,Adulto,Bajo,Insatisfecho,Riesgo,Q1,-0.8518605165914239
366,30,33548.0,4,Adulto_Joven,Medio,Insatisfecho,Bajo_Valor,Q3,-0.5065116585138196
367,37,35823.0,5,Adulto,Medio,Insatisfecho,Bajo_Valor,Q3,-0.16116280043621536
368,35,22773.0,3,Adulto_Joven,Bajo,Insatisfecho,Riesgo,Q1,-0.8518605165914239
369,36,29096.0,3,Adulto,Bajo,Insatisfecho,Riesgo,Q2,-0.8518605165914239
370,25,23332.0,1,Joven,Bajo,Insatisfecho,Riesgo,Q1,-1.5425582327466325
371,35,33307.0,7,Adulto_Joven,Medio,Neutral,Bajo_Valor,Q2,0.5295349157189931
372,40,85464.0,10,Adulto,Alto,Muy_Satisfecho,Alto_Valor,Q5,1.5655814899518061
373,52,18288.0,1,Mayor,Bajo,Insatisfecho,Riesgo,Q1,-1.5425582327466325
374,46,16207.0,2,Adulto,Bajo,Insatisfecho,Riesgo,Q1,-1.1972093746690282
375,60,75779.0,4,Mayor,Alto,Insatisfecho,Bajo_Valor,Q5,-0.5065116585138196
376,25,32706.0,4,Joven,Medio,Insatisfecho,Bajo_Valor,Q2,-0.5065116585138196
377,45,25989.0,5,Adulto,Bajo,Insatisfecho,Bajo_Valor,Q2,-0.16116280043621536
378,37,61080.0,2,Adulto,Alto,Insatisfecho,Riesgo,Q5,-1.1972093746690282
379,61,26827.0,4,Mayor,Bajo,Insatisfecho,Bajo_Valor,Q2,-0.5065116585138196
380,25,90490.0,1,Joven,Alto,Insatisfecho,Riesgo,Q5,-1.5425582327466325
381,24,50968.0,2,Joven,Medio,Insatisfecho,Riesgo,Q4,-1.1972093746690282
382,27,28454.0,1,Adulto_Joven,Bajo,Insatisfecho,Riesgo,Q2,-1.5425582327466325
383,18,106793.0,10,Joven,Premium,Muy_Satisfecho,Alto_Valor,Q5,1.5655814899518061
384,28,26826.0,10,Adulto_Joven,Bajo,Muy_Satisfecho,Bajo_Valor,Q2,1.5655814899518061
385,25,52630.0,4,Joven,Medio,Insatisfecho,Bajo_Valor,Q4,-0.5065116585138196
386,36,42177.0,4,Adulto,Medio,Insatisfecho,Bajo_Valor,Q3,-0.5065116585138196
387,39,69624.0,7,Adulto,Alto,Neutral,Medio_Valor,Q5,0.5295349157189931
388,57,79281.0,10,Mayor,Alto,Muy_Satisfecho,Alto_Valor,Q5,1.5655814899518061
389,46,36901.0,9,Adulto,Medio,Muy_Satisfecho,Bajo_Valor,Q3,1.2202326318742018
390,28,24916.0,9,Adulto_Joven,Bajo,Muy_Satisfecho,Bajo_Valor,Q1,1.2202326318742018
391,24,45706.0,5,Joven,Medio,Insatisfecho,Bajo_Valor,Q4,-0.16116280043621536
392,40,25877.0,5,Adulto,Bajo,Insatisfecho,Bajo_Valor,Q2,-0.16116280043621536
393,19,99378.0,1,Joven,Alto,Insatisfecho,Riesgo,Q5,-1.5425582327466325
394,56,38881.0,1,Mayor,Medio,Insatisfecho,Riesgo,Q3,-1.5425582327466325
395,49,30252.0,6,Adulto,Medio,Neutral,Bajo_Valor,Q2,0.1841860576413889
396,29,39828.0,2,Adulto_Joven,Medio,Insatisfecho,Riesgo,Q3,-1.1972093746690282
397,18,18516.0,8,Joven,Bajo,Satisfecho,Bajo_Valor,Q1,0.8748837737965974
398,51,22341.0,9,Mayor,Bajo,Muy_Satisfecho,Bajo_Valor,Q1,1.2202326318742018
399,33,66184.0,4,Adulto_Joven,Alto,Insatisfecho,Bajo_Valor,Q5,-0.5065116585138196
400,49,26148.0,5,Adulto,Bajo,Insatisfecho,Bajo_Valor,Q2,-0.16116280043621536
401,18,21515.0,8,Joven,Bajo,Satisfecho,Bajo_Valor,Q1,0.8748837737965974
402,27,47492.0,3,Adulto_Joven,Medio,Insatisfecho,Riesgo,Q4,-0.8518605165914239
403,35,65699.0,5,Adulto_Joven,Alto,Insatisfecho,Bajo_Valor,Q5,-0.16116280043621536
404,35,52024.0,3,Adulto_Joven,Medio,Insatisfecho,Riesgo,Q4,-0.8518605165914239
405,29,59755.0,10,Adulto_Joven,Medio,Muy_Satisfecho,Medio_Valor,Q5,1.5655814899518061
406,42,24874.0,3,Adulto,Bajo,Insatisfecho,Riesgo,Q1,-0.8518605165914239
407,22,17838.0,3,Joven,Bajo,Insatisfecho,Riesgo,Q1,-0.8518605165914239
408,33,76931.0,7,Adulto_Joven,Alto,Neutral,Medio_Valor,Q5,0.5295349157189931
409,36,30904.0,7,Adulto,Medio,Neutral,Bajo_Valor,Q2,0.5295349157189931
410,41,32034.0,7,Adulto,Medio,Neutral,Bajo_Valor,Q2,0.5295349157189931
411,43,70551.0,10,Adulto,Alto,Muy_Satisfecho,Alto_Valor,Q5,1.5655814899518061
412,21,47959.0,8,Joven,Medio,Satisfecho,Medio_Valor,Q4,0.8748837737965974
413,18,45612.0,5,Joven,Medio,Insatisfecho,Bajo_Valor,Q4,-0.16116280043621536
414,50,107205.0,5,Adulto,Premium,Insatisfecho,Bajo_Valor,Q5,-0.16116280043621536
415,38,26324.0,4,Adulto,Bajo,Insatisfecho,Bajo_Valor,Q2,-0.5065116585138196
416,26,57752.0,7,Adulto_Joven,Medio,Neutral,Medio_Valor,Q5,0.5295349157189931
417,53,37365.0,10,Mayor,Medio,Muy_Satisfecho,Bajo_Valor,Q3,1.5655814899518061
418,36,41535.0,4,Adulto,Medio,Insatisfecho,Bajo_Valor,Q3,-0.5065116585138196
419,49,77982.0,2,Adulto,Alto,Insatisfecho,Riesgo,Q5,-1.1972093746690282
420,35,46813.0,4,Adulto_Joven,Medio,Insatisfecho,Bajo_Valor,Q4,-0.5065116585138196
421,59,47531.0,8,Mayor,Medio,Satisfecho,Medio_Valor,Q4,0.8748837737965974
422,56,62084.0,9,Mayor,Alto,Muy_Satisfecho,Alto_Valor,Q5,1.2202326318742018
423,32,30258.0,3,Adulto_Joven,Medio,Insatisfecho,Riesgo,Q2,-0.8518605165914239
424,46,23870.0,7,Adulto,Bajo,Neutral,Bajo_Valor,Q1,0.5295349157189931
425,42,21538.0,9,Adulto,Bajo,Muy_Satisfecho,Bajo_Valor,Q1,1.2202326318742018
426,51,13586.0,4,Mayor,Bajo,Insatisfecho,Bajo_Valor,Q1,-0.5065116585138196
428,43,20918.0,3,Adulto,Bajo,Insatisfecho,Riesgo,Q1,-0.8518605165914239
429,47,32512.0,5,Adulto,Medio,Insatisfecho,Bajo_Valor,Q2,-0.16116280043621536
430,18,31621.0,1,Joven,Medio,Insatisfecho,Riesgo,Q2,-1.5425582327466325
431,20,42349.0,3,Joven,Medio,Insatisfecho,Riesgo,Q3,-0.8518605165914239
432,18,54604.0,8,Joven,Medio,Satisfecho,Medio_Valor,Q4,0.8748837737965974
433,31,55839.0,8,Adulto_Joven,Medio,Satisfecho,Medio_Valor,Q4,0.8748837737965974
434,43,27131.0,4,Adulto,Bajo,Insatisfecho,Bajo_Valor,Q2,-0.5065116585138196
435,53,33404.0,2,Mayor,Medio,Insatisfecho,Riesgo,Q3,-1.1972093746690282
436,35,41826.0,8,Adulto_Joven,Medio,Satisfecho,Medio_Valor,Q3,0.8748837737965974
437,54,32069.0,8,Mayor,Medio,Satisfecho,Bajo_Valor,Q2,0.8748837737965974
438,18,81119.0,10,Joven,Alto,Muy_Satisfecho,Alto_Valor,Q5,1.5655814899518061
439,18,46420.0,4,Joven,Medio,Insatisfecho,Bajo_Valor,Q4,-0.5065116585138196
440,34,52440.0,5,Adulto_Joven,Medio,Insatisfecho,Bajo_Valor,Q4,-0.16116280043621536
441,39,50586.0,2,Adulto,Medio,Insatisfecho,Riesgo,Q4,-1.1972093746690282
442,34,65299.0,9,Adulto_Joven,Alto,Muy_Satisfecho,Alto_Valor,Q5,1.2202326318742018
443,18,39755.0,1,Joven,Medio,Insatisfecho,Riesgo,Q3,-1.5425582327466325
444,33,18988.0,7,Adulto_Joven,Bajo,Neutral,Bajo_Valor,Q1,0.5295349157189931
445,19,44348.0,5,Joven,Medio,Insatisfecho,Bajo_Valor,Q4,-0.16116280043621536
446,43,26221.0,8,Adulto,Bajo,Satisfecho,Bajo_Valor,Q2,0.8748837737965974
447,39,27880.0,4,Adulto,Bajo,Insatisfecho,Bajo_Valor,Q2,-0.5065116585138196
448,23,48687.0,7,Joven,Medio,Neutral,Medio_Valor,Q4,0.5295349157189931
449,28,67449.0,5,Adulto_Joven,Alto,Insatisfecho,Bajo_Valor,Q5,-0.16116280043621536
450,22,36703.0,5,Joven,Medio,Insatisfecho,Bajo_Valor,Q3,-0.16116280043621536
452,46,85059.0,9,Adulto,Alto,Muy_Satisfecho,Alto_Valor,Q5,1.2202326318742018
453,23,40961.0,9,Joven,Medio,Muy_Satisfecho,Medio_Valor,Q3,1.2202326318742018
454,41,116351.92000000009,6,Adulto,Premium,Neutral,Medio_Valor,Q5,0.1841860576413889
455,28,48182.0,6,Adulto_Joven,Medio,Neutral,Medio_Valor,Q4,0.1841860576413889
456,25,15057.0,5,Joven,Bajo,Insatisfecho,Bajo_Valor,Q1,-0.16116280043621536
457,33,52927.0,9,Adulto_Joven,Medio,Muy_Satisfecho,Medio_Valor,Q4,1.2202326318742018
458,22,43939.0,10,Joven,Medio,Muy_Satisfecho,Medio_Valor,Q4,1.5655814899518061
459,28,69208.0,8,Adulto_Joven,Alto,Satisfecho,Alto_Valor,Q5,0.8748837737965974
460,20,50847.0,7,Joven,Medio,Neutral,Medio_Valor,Q4,0.5295349157189931
461,58,33886.0,7,Mayor,Medio,Neutral,Bajo_Valor,Q3,0.5295349157189931
462,35,19689.0,6,Adulto_Joven,Bajo,Neutral,Bajo_Valor,Q1,0.1841860576413889
463,26,32711.0,5,Adulto_Joven,Medio,Insatisfecho,Bajo_Valor,Q2,-0.16116280043621536
464,37,23735.0,4,Adulto,Bajo,Insatisfecho,Bajo_Valor,Q1,-0.5065116585138196
465,33,27166.0,3,Adulto_Joven,Bajo,Insatisfecho,Riesgo,Q2,-0.8518605165914239
466,32,48741.0,3,Adulto_Joven,Medio,Insatisfecho,Riesgo,Q4,-0.8518605165914239
467,42,83696.0,6,Adulto,Alto,Neutral,Medio_Valor,Q5,0.1841860576413889
468,44,44237.0,4,Adulto,Medio,Insatisfecho,Bajo_Valor,Q4,-0.5065116585138196
469,28,19971.0,6,Adulto_Joven,Bajo,Neutral,Bajo_Valor,Q1,0.1841860576413889
470,28,45356.0,3,Adulto_Joven,Medio,Insatisfecho,Riesgo,Q4,-0.8518605165914239
471,31,66059.0,4,Adulto_Joven,Alto,Insatisfecho,Bajo_Valor,Q5,-0.5065116585138196
472,18,26771.0,9,Joven,Bajo,Muy_Satisfecho,Bajo_Valor,Q2,1.2202326318742018
473,18,33961.0,5,Joven,Medio,Insatisfecho,Bajo_Valor,Q3,-0.16116280043621536
474,51,36583.0,7,Mayor,Medio,Neutral,Bajo_Valor,Q3,0.5295349157189931
475,54,24527.0,10,Mayor,Bajo,Muy_Satisfecho,Bajo_Valor,Q1,1.5655814899518061
476,32,50218.0,2,Adulto_Joven,Medio,Insatisfecho,Riesgo,Q4,-1.1972093746690282
477,41,34184.0,5,Adulto,Medio,Insatisfecho,Bajo_Valor,Q3,-0.16116280043621536
478,38,44791.0,9,Adulto,Medio,Muy_Satisfecho,Medio_Valor,Q4,1.2202326318742018
479,71,23301.0,3,Mayor,Bajo,Insatisfecho,Riesgo,Q1,-0.8518605165914239
480,48,29180.0,9,Adulto,Bajo,Muy_Satisfecho,Bajo_Valor,Q2,1.2202326318742018
481,33,52114.0,6,Adulto_Joven,Medio,Neutral,Medio_Valor,Q4,0.1841860576413889
482,23,30139.0,4,Joven,Medio,Insatisfecho,Bajo_Valor,Q2,-0.5065116585138196
483,18,86118.0,7,Joven,Alto,Neutral,Medio_Valor,Q5,0.5295349157189931
484,37,29738.0,8,Adulto,Bajo,Satisfecho,Bajo_Valor,Q2,0.8748837737965974
485,25,40633.0,6,Joven,Medio,Neutral,Medio_Valor,Q3,0.1841860576413889
486,18,57889.0,5,Joven,Medio,Insatisfecho,Bajo_Valor,Q5,-0.16116280043621536
487,27,17868.0,6,Adulto_Joven,Bajo,Neutral,Bajo_Valor,Q1,0.1841860576413889
488,22,15056.0,5,Joven,Bajo,Insatisfecho,Bajo_Valor,Q1,-0.16116280043621536
489,55,16935.0,8,Mayor,Bajo,Satisfecho,Bajo_Valor,Q1,0.8748837737965974
490,45,68274.0,1,Adulto,Alto,Insatisfecho,Riesgo,Q5,-1.5425582327466325
491,34,27558.0,7,Adulto_Joven,Bajo,Neutral,Bajo_Valor,Q2,0.5295349157189931
492,52,116351.92000000009,10,Mayor,Premium,Muy_Satisfecho,Alto_Valor,Q5,1.5655814899518061
493,35,27388.0,10,Adulto_Joven,Bajo,Muy_Satisfecho,Bajo_Valor,Q2,1.5655814899518061
494,24,39826.0,2,Joven,Medio,Insatisfecho,Riesgo,Q3,-1.1972093746690282
495,53,78515.0,9,Mayor,Alto,Muy_Satisfecho,Alto_Valor,Q5,1.2202326318742018
496,41,99016.0,1,Adulto,Alto,Insatisfecho,Riesgo,Q5,-1.5425582327466325
497,22,101798.0,10,Joven,Premium,Muy_Satisfecho,Alto_Valor,Q5,1.5655814899518061
498,32,66448.0,6,Adulto_Joven,Alto,Neutral,Medio_Valor,Q5,0.1841860576413889
499,24,60598.0,9,Joven,Alto,Muy_Satisfecho,Alto_Valor,Q5,1.2202326318742018
500,18,48837.0,1,Joven,Medio,Insatisfecho,Riesgo,Q4,-1.5425582327466325
501,46,53593.0,4,Adulto,Medio,Insatisfecho,Bajo_Valor,Q4,-0.5065116585138196
502,57,27567.0,4,Mayor,Bajo,Insatisfecho,Bajo_Valor,Q2,-0.5065116585138196
503,18,24122.0,9,Joven,Bajo,Muy_Satisfecho,Bajo_Valor,Q1,1.2202326318742018
504,41,36254.0,5,Adulto,Medio,Insatisfecho,Bajo_Valor,Q3,-0.16116280043621536
505,27,33353.0,5,Adulto_Joven,Medio,Insatisfecho,Bajo_Valor,Q3,-0.16116280043621536
506,29,28951.0,6,Adulto_Joven,Bajo,Neutral,Bajo_Valor,Q2,0.1841860576413889
507,27,51441.0,1,Adulto_Joven,Medio,Insatisfecho,Riesgo,Q4,-1.5425582327466325
508,24,58550.0,1,Joven,Medio,Insatisfecho,Riesgo,Q5,-1.5425582327466325
509,35,37956.0,9,Adulto_Joven,Medio,Muy_Satisfecho,Bajo_Valor,Q3,1.2202326318742018
510,25,76021.0,3,Joven,Alto,Insatisfecho,Riesgo,Q5,-0.8518605165914239
511,38,20520.0,4,Adulto,Bajo,Insatisfecho,Bajo_Valor,Q1,-0.5065116585138196
512,34,32963.0,1,Adulto_Joven,Medio,Insatisfecho,Riesgo,Q2,-1.5425582327466325
513,32,25376.0,9,Adulto_Joven,Bajo,Muy_Satisfecho,Bajo_Valor,Q2,1.2202326318742018
514,24,14281.0,8,Joven,Bajo,Satisfecho,Bajo_Valor,Q1,0.8748837737965974
515,28,34844.0,2,Adulto_Joven,Medio,Insatisfecho,Riesgo,Q3,-1.1972093746690282
516,44,34170.0,8,Adulto,Medio,Satisfecho,Bajo_Valor,Q3,0.8748837737965974
517,41,77398.0,7,Adulto,Alto,Neutral,Medio_Valor,Q5,0.5295349157189931
518,23,49781.0,6,Joven,Medio,Neutral,Medio_Valor,Q4,0.1841860576413889
519,36,21761.0,1,Adulto,Bajo,Insatisfecho,Riesgo,Q1,-1.5425582327466325
520,44,91770.0,7,Adulto,Alto,Neutral,Medio_Valor,Q5,0.5295349157189931
521,18,66870.0,10,Joven,Alto,Muy_Satisfecho,Alto_Valor,Q5,1.5655814899518061
522,41,48583.0,7,Adulto,Medio,Neutral,Medio_Valor,Q4,0.5295349157189931
523,27,32427.0,9,Adulto_Joven,Medio,Muy_Satisfecho,Bajo_Valor,Q2,1.2202326318742018
524,41,22477.0,1,Adulto,Bajo,Insatisfecho,Riesgo,Q1,-1.5425582327466325
525,25,30148.0,2,Joven,Medio,Insatisfecho,Riesgo,Q2,-1.1972093746690282
526,18,62590.0,9,Joven,Alto,Muy_Satisfecho,Alto_Valor,Q5,1.2202326318742018
527,18,93180.0,9,Joven,Alto,Muy_Satisfecho,Alto_Valor,Q5,1.2202326318742018
528,35,78560.0,6,Adulto_Joven,Alto,Neutral,Medio_Valor,Q5,0.1841860576413889
529,38,28440.0,6,Adulto,Bajo,Neutral,Bajo_Valor,Q2,0.1841860576413889
530,24,20747.0,4,Joven,Bajo,Insatisfecho,Bajo_Valor,Q1,-0.5065116585138196
531,42,38965.0,4,Adulto,Medio,Insatisfecho,Bajo_Valor,Q3,-0.5065116585138196
532,18,14999.0,5,Joven,Bajo,Insatisfecho,Bajo_Valor,Q1,-0.16116280043621536
533,34,42684.0,3,Adulto_Joven,Medio,Insatisfecho,Riesgo,Q4,-0.8518605165914239
534,20,33731.0,1,Joven,Medio,Insatisfecho,Riesgo,Q3,-1.5425582327466325
535,27,28766.0,1,Adulto_Joven,Bajo,Insatisfecho,Riesgo,Q2,-1.5425582327466325
536,35,16360.0,7,Adulto_Joven,Bajo,Neutral,Bajo_Valor,Q1,0.5295349157189931
537,24,46948.0,1,Joven,Medio,Insatisfecho,Riesgo,Q4,-1.5425582327466325
538,30,27823.0,1,Adulto_Joven,Bajo,Insatisfecho,Riesgo,Q2,-1.5425582327466325
539,47,20232.0,3,Adulto,Bajo,Insatisfecho,Riesgo,Q1,-0.8518605165914239
540,28,8637.0,10,Adulto_Joven,Bajo,Muy_Satisfecho,Bajo_Valor,Q1,1.5655814899518061
541,45,35819.0,4,Adulto,Medio,Insatisfecho,Bajo_Valor,Q3,-0.5065116585138196
542,21,88091.0,4,Joven,Alto,Insatisfecho,Bajo_Valor,Q5,-0.5065116585138196
543,41,83335.0,2,Adulto,Alto,Insatisfecho,Riesgo,Q5,-1.1972093746690282
544,52,28895.0,1,Mayor,Bajo,Insatisfecho,Riesgo,Q2,-1.5425582327466325
545,18,26873.0,3,Joven,Bajo,Insatisfecho,Riesgo,Q2,-0.8518605165914239
546,25,45907.0,4,Joven,Medio,Insatisfecho,Bajo_Valor,Q4,-0.5065116585138196
547,41,22044.0,3,Adulto,Bajo,Insatisfecho,Riesgo,Q1,-0.8518605165914239
548,32,42230.0,8,Adulto_Joven,Medio,Satisfecho,Medio_Valor,Q3,0.8748837737965974
549,39,53265.0,10,Adulto,Medio,Muy_Satisfecho,Medio_Valor,Q4,1.5655814899518061
550,27,67068.0,1,Adulto_Joven,Alto,Insatisfecho,Riesgo,Q5,-1.5425582327466325
551,36,34541.0,2,Adulto,Medio,Insatisfecho,Riesgo,Q3,-1.1972093746690282
552,33,32799.0,7,Adulto_Joven,Medio,Neutral,Bajo_Valor,Q2,0.5295349157189931
553,49,23412.0,4,Adulto,Bajo,Insatisfecho,Bajo_Valor,Q1,-0.5065116585138196
554,38,24018.0,8,Adulto,Bajo,Satisfecho,Bajo_Valor,Q1,0.8748837737965974
555,39,32427.0,3,Adulto,Medio,Insatisfecho,Riesgo,Q2,-0.8518605165914239
556,30,43637.0,6,Adulto_Joven,Medio,Neutral,Medio_Valor,Q4,0.1841860576413889
557,29,57342.0,9,Adulto_Joven,Medio,Muy_Satisfecho,Medio_Valor,Q4,1.2202326318742018
558,29,24304.0,1,Adulto_Joven,Bajo,Insatisfecho,Riesgo,Q1,-1.5425582327466325
559,39,76599.0,1,Adulto,Alto,Insatisfecho,Riesgo,Q5,-1.5425582327466325
560,29,31711.0,8,Adulto_Joven,Medio,Satisfecho,Bajo_Valor,Q2,0.8748837737965974
561,38,35929.0,3,Adulto,Medio,Insatisfecho,Riesgo,Q3,-0.8518605165914239
562,59,24994.0,5,Mayor,Bajo,Insatisfecho,Bajo_Valor,Q2,-0.16116280043621536
563,45,10806.0,1,Adulto,Bajo,Insatisfecho,Riesgo,Q1,-1.5425582327466325
564,31,56501.0,5,Adulto_Joven,Medio,Insatisfecho,Bajo_Valor,Q4,-0.16116280043621536
565,49,52492.0,6,Adulto,Medio,Neutral,Medio_Valor,Q4,0.1841860576413889
566,30,31550.0,8,Adulto_Joven,Medio,Satisfecho,Bajo_Valor,Q2,0.8748837737965974
567,18,37552.0,3,Joven,Medio,Insatisfecho,Riesgo,Q3,-0.8518605165914239
568,22,47003.0,3,Joven,Medio,Insatisfecho,Riesgo,Q4,-0.8518605165914239
569,18,16626.0,10,Joven,Bajo,Muy_Satisfecho,Bajo_Valor,Q1,1.5655814899518061
570,30,27874.0,9,Adulto_Joven,Bajo,Muy_Satisfecho,Bajo_Valor,Q2,1.2202326318742018
571,35,54021.0,4,Adulto_Joven,Medio,Insatisfecho,Bajo_Valor,Q4,-0.5065116585138196
572,55,19396.0,4,Mayor,Bajo,Insatisfecho,Bajo_Valor,Q1,-0.5065116585138196
573,38,42056.0,7,Adulto,Medio,Neutral,Medio_Valor,Q3,0.5295349157189931
574,32,18429.0,2,Adulto_Joven,Bajo,Insatisfecho,Riesgo,Q1,-1.1972093746690282
575,44,45853.0,8,Adulto,Medio,Satisfecho,Medio_Valor,Q4,0.8748837737965974
576,18,35674.0,6,Joven,Medio,Neutral,Bajo_Valor,Q3,0.1841860576413889
577,37,16194.0,3,Adulto,Bajo,Insatisfecho,Riesgo,Q1,-0.8518605165914239
578,44,65014.0,9,Adulto,Alto,Muy_Satisfecho,Alto_Valor,Q5,1.2202326318742018
579,18,25152.0,5,Joven,Bajo,Insatisfecho,Bajo_Valor,Q2,-0.16116280043621536
580,48,24218.0,8,Adulto,Bajo,Satisfecho,Bajo_Valor,Q1,0.8748837737965974
581,39,40146.0,7,Adulto,Medio,Neutral,Medio_Valor,Q3,0.5295349157189931
582,30,64493.0,8,Adulto_Joven,Alto,Satisfecho,Alto_Valor,Q5,0.8748837737965974
583,42,21852.0,7,Adulto,Bajo,Neutral,Bajo_Valor,Q1,0.5295349157189931
584,62,37452.0,3,Mayor,Medio,Insatisfecho,Riesgo,Q3,-0.8518605165914239
585,37,44999.0,2,Adulto,Medio,Insatisfecho,Riesgo,Q4,-1.1972093746690282
586,37,51356.0,7,Adulto,Medio,Neutral,Medio_Valor,Q4,0.5295349157189931
587,29,39664.0,3,Adulto_Joven,Medio,Insatisfecho,Riesgo,Q3,-0.8518605165914239
588,24,30226.0,3,Joven,Medio,Insatisfecho,Riesgo,Q2,-0.8518605165914239
589,44,24009.0,2,Adulto,Bajo,Insatisfecho,Riesgo,Q1,-1.1972093746690282
590,24,37913.0,4,Joven,Medio,Insatisfecho,Bajo_Valor,Q3,-0.5065116585138196
591,35,21246.0,8,Adulto_Joven,Bajo,Satisfecho,Bajo_Valor,Q1,0.8748837737965974
592,29,8428.0,1,Adulto_Joven,Bajo,Insatisfecho,Riesgo,Q1,-1.5425582327466325
593,40,45174.0,1,Adulto,Medio,Insatisfecho,Riesgo,Q4,-1.5425582327466325
594,39,57066.0,5,Adulto,Medio,Insatisfecho,Bajo_Valor,Q4,-0.16116280043621536
595,47,11142.0,5,Adulto,Bajo,Insatisfecho,Bajo_Valor,Q1,-0.16116280043621536
596,28,21919.0,1,Adulto_Joven,Bajo,Insatisfecho,Riesgo,Q1,-1.5425582327466325
597,31,49492.0,6,Adulto_Joven,Medio,Neutral,Medio_Valor,Q4,0.1841860576413889
598,23,101594.0,1,Joven,Premium,Insatisfecho,Riesgo,Q5,-1.5425582327466325
599,29,36695.0,5,Adulto_Joven,Medio,Insatisfecho,Bajo_Valor,Q3,-0.16116280043621536
600,39,25235.0,9,Adulto,Bajo,Muy_Satisfecho,Bajo_Valor,Q2,1.2202326318742018
601,44,33141.0,5,Adulto,Medio,Insatisfecho,Bajo_Valor,Q2,-0.16116280043621536
602,23,72217.0,6,Joven,Alto,Neutral,Medio_Valor,Q5,0.1841860576413889
603,45,26291.0,8,Adulto,Bajo,Satisfecho,Bajo_Valor,Q2,0.8748837737965974
604,51,24352.0,1,Mayor,Bajo,Insatisfecho,Riesgo,Q1,-1.5425582327466325
605,39,28527.0,2,Adulto,Bajo,Insatisfecho,Riesgo,Q2,-1.1972093746690282
606,57,22546.0,9,Mayor,Bajo,Muy_Satisfecho,Bajo_Valor,Q1,1.2202326318742018
607,25,38612.0,3,Joven,Medio,Insatisfecho,Riesgo,Q3,-0.8518605165914239
608,20,81825.0,6,Joven,Alto,Neutral,Medio_Valor,Q5,0.1841860576413889
609,18,42682.0,5,Joven,Medio,Insatisfecho,Bajo_Valor,Q4,-0.16116280043621536
610,52,32010.0,2,Mayor,Medio,Insatisfecho,Riesgo,Q2,-1.1972093746690282
611,42,31385.0,7,Adulto,Medio,Neutral,Bajo_Valor,Q2,0.5295349157189931
612,34,16620.0,4,Adulto_Joven,Bajo,Insatisfecho,Bajo_Valor,Q1,-0.5065116585138196
613,38,56475.0,1,Adulto,Medio,Insatisfecho,Riesgo,Q4,-1.5425582327466325
614,21,34929.0,4,Joven,Medio,Insatisfecho,Bajo_Valor,Q3,-0.5065116585138196
615,64,33181.0,6,Mayor,Medio,Neutral,Bajo_Valor,Q2,0.1841860576413889
616,36,116351.92000000009,7,Adulto,Premium,Neutral,Medio_Valor,Q5,0.5295349157189931
617,36,42166.0,7,Adulto,Medio,Neutral,Medio_Valor,Q3,0.5295349157189931
618,43,24936.0,7,Adulto,Bajo,Neutral,Bajo_Valor,Q1,0.5295349157189931
619,40,29343.0,3,Adulto,Bajo,Insatisfecho,Riesgo,Q2,-0.8518605165914239
620,37,64487.0,6,Adulto,Alto,Neutral,Medio_Valor,Q5,0.1841860576413889
621,25,38431.0,8,Joven,Medio,Satisfecho,Bajo_Valor,Q3,0.8748837737965974
622,40,17691.0,4,Adulto,Bajo,Insatisfecho,Bajo_Valor,Q1,-0.5065116585138196
623,57,57504.0,8,Mayor,Medio,Satisfecho,Medio_Valor,Q4,0.8748837737965974
624,51,26001.0,2,Mayor,Bajo,Insatisfecho,Riesgo,Q2,-1.1972093746690282
625,54,92655.0,10,Mayor,Alto,Muy_Satisfecho,Alto_Valor,Q5,1.5655814899518061
626,28,62319.0,9,Adulto_Joven,Alto,Muy_Satisfecho,Alto_Valor,Q5,1.2202326318742018
627,23,29037.0,9,Joven,Bajo,Muy_Satisfecho,Bajo_Valor,Q2,1.2202326318742018
628,33,68906.0,8,Adulto_Joven,Alto,Satisfecho,Alto_Valor,Q5,0.8748837737965974
629,35,37568.0,10,Adulto_Joven,Medio,Muy_Satisfecho,Bajo_Valor,Q3,1.5655814899518061
630,48,55624.0,10,Adulto,Medio,Muy_Satisfecho,Medio_Valor,Q4,1.5655814899518061
631,18,46275.0,1,Joven,Medio,Insatisfecho,Riesgo,Q4,-1.5425582327466325
632,53,23785.0,2,Mayor,Bajo,Insatisfecho,Riesgo,Q1,-1.1972093746690282
633,33,26323.0,6,Adulto_Joven,Bajo,Neutral,Bajo_Valor,Q2,0.1841860576413889
634,29,60777.0,10,Adulto_Joven,Alto,Muy_Satisfecho,Alto_Valor,Q5,1.5655814899518061
635,22,30718.0,5,Joven,Medio,Insatisfecho,Bajo_Valor,Q2,-0.16116280043621536
636,18,29678.0,9,Joven,Bajo,Muy_Satisfecho,Bajo_Valor,Q2,1.2202326318742018
637,44,22526.0,5,Adulto,Bajo,Insatisfecho,Bajo_Valor,Q1,-0.16116280043621536
638,35,44882.0,2,Adulto_Joven,Medio,Insatisfecho,Riesgo,Q4,-1.1972093746690282
639,19,101850.0,10,Joven,Premium,Muy_Satisfecho,Alto_Valor,Q5,1.5655814899518061
640,19,21295.0,4,Joven,Bajo,Insatisfecho,Bajo_Valor,Q1,-0.5065116585138196
641,30,36757.0,9,Adulto_Joven,Medio,Muy_Satisfecho,Bajo_Valor,Q3,1.2202326318742018
642,55,73578.0,1,Mayor,Alto,Insatisfecho,Riesgo,Q5,-1.5425582327466325
643,31,34897.0,1,Adulto_Joven,Medio,Insatisfecho,Riesgo,Q3,-1.5425582327466325
644,18,45532.0,7,Joven,Medio,Neutral,Medio_Valor,Q4,0.5295349157189931
645,32,21349.0,3,Adulto_Joven,Bajo,Insatisfecho,Riesgo,Q1,-0.8518605165914239
646,31,44988.0,10,Adulto_Joven,Medio,Muy_Satisfecho,Medio_Valor,Q4,1.5655814899518061
647,18,33071.0,2,Joven,Medio,Insatisfecho,Riesgo,Q2,-1.1972093746690282
648,34,59448.0,9,Adulto_Joven,Medio,Muy_Satisfecho,Medio_Valor,Q5,1.2202326318742018
649,32,65755.0,3,Adulto_Joven,Alto,Insatisfecho,Riesgo,Q5,-0.8518605165914239
650,43,116351.92000000009,2,Adulto,Premium,Insatisfecho,Riesgo,Q5,-1.1972093746690282
651,57,48524.0,8,Mayor,Medio,Satisfecho,Medio_Valor,Q4,0.8748837737965974
652,48,42740.0,10,Adulto,Medio,Muy_Satisfecho,Medio_Valor,Q4,1.5655814899518061
653,31,40022.0,6,Adulto_Joven,Medio,Neutral,Medio_Valor,Q3,0.1841860576413889
654,21,30437.0,6,Joven,Medio,Neutral,Bajo_Valor,Q2,0.1841860576413889
655,65,43012.0,10,Mayor,Medio,Muy_Satisfecho,Medio_Valor,Q4,1.5655814899518061
656,35,31328.0,7,Adulto_Joven,Medio,Neutral,Bajo_Valor,Q2,0.5295349157189931
657,35,39506.0,7,Adulto_Joven,Medio,Neutral,Bajo_Valor,Q3,0.5295349157189931
658,34,70178.0,6,Adulto_Joven,Alto,Neutral,Medio_Valor,Q5,0.1841860576413889
659,37,21954.0,4,Adulto,Bajo,Insatisfecho,Bajo_Valor,Q1,-0.5065116585138196
660,33,64211.0,9,Adulto_Joven,Alto,Muy_Satisfecho,Alto_Valor,Q5,1.2202326318742018
661,28,70161.0,6,Adulto_Joven,Alto,Neutral,Medio_Valor,Q5,0.1841860576413889
662,28,34233.0,4,Adulto_Joven,Medio,Insatisfecho,Bajo_Valor,Q3,-0.5065116585138196
663,34,12570.0,3,Adulto_Joven,Bajo,Insatisfecho,Riesgo,Q1,-0.8518605165914239
664,28,26798.0,4,Adulto_Joven,Bajo,Insatisfecho,Bajo_Valor,Q2,-0.5065116585138196
665,26,69459.0,3,Adulto_Joven,Alto,Insatisfecho,Riesgo,Q5,-0.8518605165914239
666,36,35902.0,2,Adulto,Medio,Insatisfecho,Riesgo,Q3,-1.1972093746690282
667,31,22034.0,5,Adulto_Joven,Bajo,Insatisfecho,Bajo_Valor,Q1,-0.16116280043621536
668,53,28215.0,2,Mayor,Bajo,Insatisfecho,Riesgo,Q2,-1.1972093746690282
669,18,55287.0,6,Joven,Medio,Neutral,Medio_Valor,Q4,0.1841860576413889
670,48,47732.0,3,Adulto,Medio,Insatisfecho,Riesgo,Q4,-0.8518605165914239
671,49,32226.0,6,Adulto,Medio,Neutral,Bajo_Valor,Q2,0.1841860576413889
672,18,30229.0,10,Joven,Medio,Muy_Satisfecho,Bajo_Valor,Q2,1.5655814899518061
673,30,29855.0,9,Adulto_Joven,Bajo,Muy_Satisfecho,Bajo_Valor,Q2,1.2202326318742018
674,30,22897.0,1,Adulto_Joven,Bajo,Insatisfecho,Riesgo,Q1,-1.5425582327466325
675,18,81445.0,6,Joven,Alto,Neutral,Medio_Valor,Q5,0.1841860576413889
676,25,30910.0,9,Joven,Medio,Muy_Satisfecho,Bajo_Valor,Q2,1.2202326318742018
677,21,66741.0,4,Joven,Alto,Insatisfecho,Bajo_Valor,Q5,-0.5065116585138196
678,56,77703.0,2,Mayor,Alto,Insatisfecho,Riesgo,Q5,-1.1972093746690282
679,46,59823.0,4,Adulto,Medio,Insatisfecho,Bajo_Valor,Q5,-0.5065116585138196
680,50,29266.0,1,Adulto,Bajo,Insatisfecho,Riesgo,Q2,-1.5425582327466325
681,43,44438.0,3,Adulto,Medio,Insatisfecho,Riesgo,Q4,-0.8518605165914239
682,21,35878.0,10,Joven,Medio,Muy_Satisfecho,Bajo_Valor,Q3,1.5655814899518061
683,28,23112.0,9,Adulto_Joven,Bajo,Muy_Satisfecho,Bajo_Valor,Q1,1.2202326318742018
684,40,42709.0,10,Adulto,Medio,Muy_Satisfecho,Medio_Valor,Q4,1.5655814899518061
685,20,20140.0,5,Joven,Bajo,Insatisfecho,Bajo_Valor,Q1,-0.16116280043621536
686,43,65764.0,6,Adulto,Alto,Neutral,Medio_Valor,Q5,0.1841860576413889
687,32,28787.0,3,Adulto_Joven,Bajo,Insatisfecho,Riesgo,Q2,-0.8518605165914239
688,30,40158.0,5,Adulto_Joven,Medio,Insatisfecho,Bajo_Valor,Q3,-0.16116280043621536
689,43,41841.0,8,Adulto,Medio,Satisfecho,Medio_Valor,Q3,0.8748837737965974
690,40,31905.0,6,Adulto,Medio,Neutral,Bajo_Valor,Q2,0.1841860576413889
691,30,48695.0,4,Adulto_Joven,Medio,Insatisfecho,Bajo_Valor,Q4,-0.5065116585138196
692,48,28639.0,2,Adulto,Bajo,Insatisfecho,Riesgo,Q2,-1.1972093746690282
693,22,56142.0,9,Joven,Medio,Muy_Satisfecho,Medio_Valor,Q4,1.2202326318742018
694,42,18527.0,1,Adulto,Bajo,Insatisfecho,Riesgo,Q1,-1.5425582327466325
695,42,38684.0,1,Adulto,Medio,Insatisfecho,Riesgo,Q3,-1.5425582327466325
696,31,95746.0,4,Adulto_Joven,Alto,Insatisfecho,Bajo_Valor,Q5,-0.5065116585138196
697,38,22022.0,7,Adulto,Bajo,Neutral,Bajo_Valor,Q1,0.5295349157189931
698,19,25877.0,1,Joven,Bajo,Insatisfecho,Riesgo,Q2,-1.5425582327466325
699,46,46955.0,9,Adulto,Medio,Muy_Satisfecho,Medio_Valor,Q4,1.2202326318742018
700,32,39727.0,4,Adulto_Joven,Medio,Insatisfecho,Bajo_Valor,Q3,-0.5065116585138196
701,28,43274.0,3,Adulto_Joven,Medio,Insatisfecho,Riesgo,Q4,-0.8518605165914239
702,47,46378.0,1,Adulto,Medio,Insatisfecho,Riesgo,Q4,-1.5425582327466325
703,26,49879.0,10,Adulto_Joven,Medio,Muy_Satisfecho,Medio_Valor,Q4,1.5655814899518061
704,18,63249.0,4,Joven,Alto,Insatisfecho,Bajo_Valor,Q5,-0.5065116585138196
705,18,44574.0,9,Joven,Medio,Muy_Satisfecho,Medio_Valor,Q4,1.2202326318742018
706,42,32188.0,10,Adulto,Medio,Muy_Satisfecho,Bajo_Valor,Q2,1.5655814899518061
707,19,50832.0,6,Joven,Medio,Neutral,Medio_Valor,Q4,0.1841860576413889
708,56,93895.0,6,Mayor,Alto,Neutral,Medio_Valor,Q5,0.1841860576413889
709,18,33985.0,1,Joven,Medio,Insatisfecho,Riesgo,Q3,-1.5425582327466325
710,55,22308.0,10,Mayor,Bajo,Muy_Satisfecho,Bajo_Valor,Q1,1.5655814899518061
712,33,34194.0,6,Adulto_Joven,Medio,Neutral,Bajo_Valor,Q3,0.1841860576413889
713,28,12254.0,2,Adulto_Joven,Bajo,Insatisfecho,Riesgo,Q1,-1.1972093746690282
714,39,55476.0,3,Adulto,Medio,Insatisfecho,Riesgo,Q4,-0.8518605165914239
715,34,27787.0,4,Adulto_Joven,Bajo,Insatisfecho,Bajo_Valor,Q2,-0.5065116585138196
716,48,34708.0,5,Adulto,Medio,Insatisfecho,Bajo_Valor,Q3,-0.16116280043621536
717,36,42872.0,9,Adulto,Medio,Muy_Satisfecho,Medio_Valor,Q4,1.2202326318742018
718,36,39944.0,4,Adulto,Medio,Insatisfecho,Bajo_Valor,Q3,-0.5065116585138196
719,30,51778.0,9,Adulto_Joven,Medio,Muy_Satisfecho,Medio_Valor,Q4,1.2202326318742018
720,34,29209.0,10,Adulto_Joven,Bajo,Muy_Satisfecho,Bajo_Valor,Q2,1.5655814899518061
721,38,46936.0,3,Adulto,Medio,Insatisfecho,Riesgo,Q4,-0.8518605165914239
722,18,31895.0,8,Joven,Medio,Satisfecho,Bajo_Valor,Q2,0.8748837737965974
723,18,52543.0,1,Joven,Medio,Insatisfecho,Riesgo,Q4,-1.5425582327466325
724,43,49398.0,9,Adulto,Medio,Muy_Satisfecho,Medio_Valor,Q4,1.2202326318742018
725,37,22749.0,9,Adulto,Bajo,Muy_Satisfecho,Bajo_Valor,Q1,1.2202326318742018
726,32,62504.0,10,Adulto_Joven,Alto,Muy_Satisfecho,Alto_Valor,Q5,1.5655814899518061
727,35,27778.0,2,Adulto_Joven,Bajo,Insatisfecho,Riesgo,Q2,-1.1972093746690282
728,39,54395.0,4,Adulto,Medio,Insatisfecho,Bajo_Valor,Q4,-0.5065116585138196
729,28,43636.0,8,Adulto_Joven,Medio,Satisfecho,Medio_Valor,Q4,0.8748837737965974
730,25,91043.0,7,Joven,Alto,Neutral,Medio_Valor,Q5,0.5295349157189931
731,37,32476.0,1,Adulto,Medio,Insatisfecho,Riesgo,Q2,-1.5425582327466325
732,23,30495.0,5,Joven,Medio,Insatisfecho,Bajo_Valor,Q2,-0.16116280043621536
733,39,35964.0,7,Adulto,Medio,Neutral,Bajo_Valor,Q3,0.5295349157189931
734,18,31207.0,4,Joven,Medio,Insatisfecho,Bajo_Valor,Q2,-0.5065116585138196
735,47,54174.0,1,Adulto,Medio,Insatisfecho,Riesgo,Q4,-1.5425582327466325
736,40,16185.0,9,Adulto,Bajo,Muy_Satisfecho,Bajo_Valor,Q1,1.2202326318742018
737,38,21443.0,5,Adulto,Bajo,Insatisfecho,Bajo_Valor,Q1,-0.16116280043621536
738,46,21292.0,2,Adulto,Bajo,Insatisfecho,Riesgo,Q1,-1.1972093746690282
739,54,58404.0,8,Mayor,Medio,Satisfecho,Medio_Valor,Q5,0.8748837737965974
740,47,85417.0,2,Adulto,Alto,Insatisfecho,Riesgo,Q5,-1.1972093746690282
741,18,34467.0,3,Joven,Medio,Insatisfecho,Riesgo,Q3,-0.8518605165914239
742,19,33375.0,10,Joven,Medio,Muy_Satisfecho,Bajo_Valor,Q3,1.5655814899518061
743,27,37610.0,1,Adulto_Joven,Medio,Insatisfecho,Riesgo,Q3,-1.5425582327466325
744,35,64921.0,2,Adulto_Joven,Alto,Insatisfecho,Riesgo,Q5,-1.1972093746690282
745,41,22841.0,7,Adulto,Bajo,Neutral,Bajo_Valor,Q1,0.5295349157189931
746,26,40912.0,10,Adulto_Joven,Medio,Muy_Satisfecho,Medio_Valor,Q3,1.5655814899518061
747,37,59136.0,2,Adulto,Medio,Insatisfecho,Riesgo,Q5,-1.1972093746690282
748,25,46655.0,5,Joven,Medio,Insatisfecho,Bajo_Valor,Q4,-0.16116280043621536
749,27,39926.0,3,Adulto_Joven,Medio,Insatisfecho,Riesgo,Q3,-0.8518605165914239
750,18,59905.0,4,Joven,Medio,Insatisfecho,Bajo_Valor,Q5,-0.5065116585138196
751,23,9399.0,8,Joven,Bajo,Satisfecho,Bajo_Valor,Q1,0.8748837737965974
752,18,50967.0,3,Joven,Medio,Insatisfecho,Riesgo,Q4,-0.8518605165914239
753,23,26185.0,10,Joven,Bajo,Muy_Satisfecho,Bajo_Valor,Q2,1.5655814899518061
754,47,14540.0,6,Adulto,Bajo,Neutral,Bajo_Valor,Q1,0.1841860576413889
755,23,46891.0,1,Joven,Medio,Insatisfecho,Riesgo,Q4,-1.5425582327466325
756,66,72173.0,7,Mayor,Alto,Neutral,Medio_Valor,Q5,0.5295349157189931
757,40,33903.0,8,Adulto,Medio,Satisfecho,Bajo_Valor,Q3,0.8748837737965974
758,37,58479.0,8,Adulto,Medio,Satisfecho,Medio_Valor,Q5,0.8748837737965974
759,24,81319.0,3,Joven,Alto,Insatisfecho,Riesgo,Q5,-0.8518605165914239
760,43,70084.0,10,Adulto,Alto,Muy_Satisfecho,Alto_Valor,Q5,1.5655814899518061
761,28,82452.0,1,Adulto_Joven,Alto,Insatisfecho,Riesgo,Q5,-1.5425582327466325
762,36,52631.0,9,Adulto,Medio,Muy_Satisfecho,Medio_Valor,Q4,1.2202326318742018
763,65,37711.0,6,Mayor,Medio,Neutral,Bajo_Valor,Q3,0.1841860576413889
764,33,16301.0,9,Adulto_Joven,Bajo,Muy_Satisfecho,Bajo_Valor,Q1,1.2202326318742018
765,48,32111.0,7,Adulto,Medio,Neutral,Bajo_Valor,Q2,0.5295349157189931
766,26,23822.0,1,Adulto_Joven,Bajo,Insatisfecho,Riesgo,Q1,-1.5425582327466325
767,34,107524.0,1,Adulto_Joven,Premium,Insatisfecho,Riesgo,Q5,-1.5425582327466325
768,56,33258.0,6,Mayor,Medio,Neutral,Bajo_Valor,Q2,0.1841860576413889
769,27,38622.0,5,Adulto_Joven,Medio,Insatisfecho,Bajo_Valor,Q3,-0.16116280043621536
770,56,47845.0,9,Mayor,Medio,Muy_Satisfecho,Medio_Valor,Q4,1.2202326318742018
771,43,37115.0,2,Adulto,Medio,Insatisfecho,Riesgo,Q3,-1.1972093746690282
772,28,84755.0,8,Adulto_Joven,Alto,Satisfecho,Alto_Valor,Q5,0.8748837737965974
773,42,26600.0,5,Adulto,Bajo,Insatisfecho,Bajo_Valor,Q2,-0.16116280043621536
774,46,40026.0,2,Adulto,Medio,Insatisfecho,Riesgo,Q3,-1.1972093746690282
775,42,25053.0,10,Adulto,Bajo,Muy_Satisfecho,Bajo_Valor,Q2,1.5655814899518061
776,18,18769.0,6,Joven,Bajo,Neutral,Bajo_Valor,Q1,0.1841860576413889
777,26,26745.0,10,Adulto_Joven,Bajo,Muy_Satisfecho,Bajo_Valor,Q2,1.5655814899518061
778,32,35649.0,8,Adulto_Joven,Medio,Satisfecho,Bajo_Valor,Q3,0.8748837737965974
779,34,29300.0,4,Adulto_Joven,Bajo,Insatisfecho,Bajo_Valor,Q2,-0.5065116585138196
780,42,25688.0,2,Adulto,Bajo,Insatisfecho,Riesgo,Q2,-1.1972093746690282
781,37,17976.0,5,Adulto,Bajo,Insatisfecho,Bajo_Valor,Q1,-0.16116280043621536
782,18,34837.0,2,Joven,Medio,Insatisfecho,Riesgo,Q3,-1.1972093746690282
783,39,17113.0,2,Adulto,Bajo,Insatisfecho,Riesgo,Q1,-1.1972093746690282
784,42,53105.0,6,Adulto,Medio,Neutral,Medio_Valor,Q4,0.1841860576413889
785,41,37843.0,10,Adulto,Medio,Muy_Satisfecho,Bajo_Valor,Q3,1.5655814899518061
786,47,17522.0,5,Adulto,Bajo,Insatisfecho,Bajo_Valor,Q1,-0.16116280043621536
787,45,31113.0,4,Adulto,Medio,Insatisfecho,Bajo_Valor,Q2,-0.5065116585138196
788,40,24932.0,6,Adulto,Bajo,Neutral,Bajo_Valor,Q1,0.1841860576413889
789,34,42599.0,7,Adulto_Joven,Medio,Neutral,Medio_Valor,Q3,0.5295349157189931
790,18,70985.0,6,Joven,Alto,Neutral,Medio_Valor,Q5,0.1841860576413889
791,40,14220.0,8,Adulto,Bajo,Satisfecho,Bajo_Valor,Q1,0.8748837737965974
792,37,38465.0,4,Adulto,Medio,Insatisfecho,Bajo_Valor,Q3,-0.5065116585138196
793,38,33521.0,1,Adulto,Medio,Insatisfecho,Riesgo,Q3,-1.5425582327466325
794,19,50800.0,7,Joven,Medio,Neutral,Medio_Valor,Q4,0.5295349157189931
795,22,40400.0,3,Joven,Medio,Insatisfecho,Riesgo,Q3,-0.8518605165914239
796,47,24934.0,6,Adulto,Bajo,Neutral,Bajo_Valor,Q1,0.1841860576413889
797,34,30960.0,2,Adulto_Joven,Medio,Insatisfecho,Riesgo,Q2,-1.1972093746690282
798,43,24391.0,9,Adulto,Bajo,Muy_Satisfecho,Bajo_Valor,Q1,1.2202326318742018
799,35,62193.0,1,Adulto_Joven,Alto,Insatisfecho,Riesgo,Q5,-1.5425582327466325
800,35,36704.0,6,Adulto_Joven,Medio,Neutral,Bajo_Valor,Q3,0.1841860576413889
801,46,93957.0,6,Adulto,Alto,Neutral,Medio_Valor,Q5,0.1841860576413889
802,28,35230.0,5,Adulto_Joven,Medio,Insatisfecho,Bajo_Valor,Q3,-0.16116280043621536
803,36,25483.0,5,Adulto,Bajo,Insatisfecho,Bajo_Valor,Q2,-0.16116280043621536
804,29,17037.0,1,Adulto_Joven,Bajo,Insatisfecho,Riesgo,Q1,-1.5425582327466325
805,29,14741.0,10,Adulto_Joven,Bajo,Muy_Satisfecho,Bajo_Valor,Q1,1.5655814899518061
806,31,16447.0,5,Adulto_Joven,Bajo,Insatisfecho,Bajo_Valor,Q1,-0.16116280043621536
807,37,41504.0,2,Adulto,Medio,Insatisfecho,Riesgo,Q3,-1.1972093746690282
808,29,46833.0,7,Adulto_Joven,Medio,Neutral,Medio_Valor,Q4,0.5295349157189931
809,50,16471.0,3,Adulto,Bajo,Insatisfecho,Riesgo,Q1,-0.8518605165914239
810,24,56812.0,4,Joven,Medio,Insatisfecho,Bajo_Valor,Q4,-0.5065116585138196
811,32,28523.0,3,Adulto_Joven,Bajo,Insatisfecho,Riesgo,Q2,-0.8518605165914239
812,29,39081.0,3,Adulto_Joven,Medio,Insatisfecho,Riesgo,Q3,-0.8518605165914239
813,52,81316.0,4,Mayor,Alto,Insatisfecho,Bajo_Valor,Q5,-0.5065116585138196
815,47,31752.0,1,Adulto,Medio,Insatisfecho,Riesgo,Q2,-1.5425582327466325
816,18,23257.0,4,Joven,Bajo,Insatisfecho,Bajo_Valor,Q1,-0.5065116585138196
817,38,12383.0,8,Adulto,Bajo,Satisfecho,Bajo_Valor,Q1,0.8748837737965974
818,45,25347.0,10,Adulto,Bajo,Muy_Satisfecho,Bajo_Valor,Q2,1.5655814899518061
819,35,32677.0,7,Adulto_Joven,Medio,Neutral,Bajo_Valor,Q2,0.5295349157189931
820,47,22168.0,9,Adulto,Bajo,Muy_Satisfecho,Bajo_Valor,Q1,1.2202326318742018
821,28,34008.0,5,Adulto_Joven,Medio,Insatisfecho,Bajo_Valor,Q3,-0.16116280043621536
822,51,37738.0,10,Mayor,Medio,Muy_Satisfecho,Bajo_Valor,Q3,1.5655814899518061
823,62,32453.0,4,Mayor,Medio,Insatisfecho,Bajo_Valor,Q2,-0.5065116585138196
824,30,26238.0,8,Adulto_Joven,Bajo,Satisfecho,Bajo_Valor,Q2,0.8748837737965974
825,29,39510.0,9,Adulto_Joven,Medio,Muy_Satisfecho,Bajo_Valor,Q3,1.2202326318742018
826,52,45295.0,7,Mayor,Medio,Neutral,Medio_Valor,Q4,0.5295349157189931
827,53,21053.0,7,Mayor,Bajo,Neutral,Bajo_Valor,Q1,0.5295349157189931
828,28,73531.0,5,Adulto_Joven,Alto,Insatisfecho,Bajo_Valor,Q5,-0.16116280043621536
829,29,34568.0,4,Adulto_Joven,Medio,Insatisfecho,Bajo_Valor,Q3,-0.5065116585138196
830,31,36659.0,10,Adulto_Joven,Medio,Muy_Satisfecho,Bajo_Valor,Q3,1.5655814899518061
831,18,51746.0,1,Joven,Medio,Insatisfecho,Riesgo,Q4,-1.5425582327466325
832,23,40806.0,10,Joven,Medio,Muy_Satisfecho,Medio_Valor,Q3,1.5655814899518061
833,22,58487.0,10,Joven,Medio,Muy_Satisfecho,Medio_Valor,Q5,1.5655814899518061
834,25,41921.0,7,Joven,Medio,Neutral,Medio_Valor,Q3,0.5295349157189931
835,34,26736.0,1,Adulto_Joven,Bajo,Insatisfecho,Riesgo,Q2,-1.5425582327466325
836,37,43510.0,1,Adulto,Medio,Insatisfecho,Riesgo,Q4,-1.5425582327466325
837,53,20499.0,5,Mayor,Bajo,Insatisfecho,Bajo_Valor,Q1,-0.16116280043621536
839,46,35717.0,6,Adulto,Medio,Neutral,Bajo_Valor,Q3,0.1841860576413889
840,32,32726.0,3,Adulto_Joven,Medio,Insatisfecho,Riesgo,Q2,-0.8518605165914239
841,34,34054.0,3,Adulto_Joven,Medio,Insatisfecho,Riesgo,Q3,-0.8518605165914239
843,21,27601.0,6,Joven,Bajo,Neutral,Bajo_Valor,Q2,0.1841860576413889
844,39,38041.0,9,Adulto,Medio,Muy_Satisfecho,Bajo_Valor,Q3,1.2202326318742018
845,36,39337.0,6,Adulto,Medio,Neutral,Bajo_Valor,Q3,0.1841860576413889
846,40,21723.0,5,Adulto,Bajo,Insatisfecho,Bajo_Valor,Q1,-0.16116280043621536
847,38,68381.0,10,Adulto,Alto,Muy_Satisfecho,Alto_Valor,Q5,1.5655814899518061
848,64,23550.0,7,Mayor,Bajo,Neutral,Bajo_Valor,Q1,0.5295349157189931
849,27,58966.0,1,Adulto_Joven,Medio,Insatisfecho,Riesgo,Q5,-1.5425582327466325
850,28,44963.0,7,Adulto_Joven,Medio,Neutral,Medio_Valor,Q4,0.5295349157189931
851,27,26288.0,3,Adulto_Joven,Bajo,Insatisfecho,Riesgo,Q2,-0.8518605165914239
852,28,88225.0,9,Adulto_Joven,Alto,Muy_Satisfecho,Alto_Valor,Q5,1.2202326318742018
853,27,19993.0,6,Adulto_Joven,Bajo,Neutral,Bajo_Valor,Q1,0.1841860576413889
854,49,57502.0,9,Adulto,Medio,Muy_Satisfecho,Medio_Valor,Q4,1.2202326318742018
855,52,59891.0,5,Mayor,Medio,Insatisfecho,Bajo_Valor,Q5,-0.16116280043621536
856,28,25969.0,7,Adulto_Joven,Bajo,Neutral,Bajo_Valor,Q2,0.5295349157189931
857,25,72855.0,4,Joven,Alto,Insatisfecho,Bajo_Valor,Q5,-0.5065116585138196
858,40,32047.0,7,Adulto,Medio,Neutral,Bajo_Valor,Q2,0.5295349157189931
859,28,41954.0,1,Adulto_Joven,Medio,Insatisfecho,Riesgo,Q3,-1.5425582327466325
860,42,41363.0,7,Adulto,Medio,Neutral,Medio_Valor,Q3,0.5295349157189931
861,37,33956.0,8,Adulto,Medio,Satisfecho,Bajo_Valor,Q3,0.8748837737965974
862,18,54469.0,5,Joven,Medio,Insatisfecho,Bajo_Valor,Q4,-0.16116280043621536
863,53,54000.0,2,Mayor,Medio,Insatisfecho,Riesgo,Q4,-1.1972093746690282
864,56,15149.0,5,Mayor,Bajo,Insatisfecho,Bajo_Valor,Q1,-0.16116280043621536
865,27,69714.0,6,Adulto_Joven,Alto,Neutral,Medio_Valor,Q5,0.1841860576413889
866,30,15815.0,2,Adulto_Joven,Bajo,Insatisfecho,Riesgo,Q1,-1.1972093746690282
867,38,60856.0,6,Adulto,Alto,Neutral,Medio_Valor,Q5,0.1841860576413889
868,39,63790.0,6,Adulto,Alto,Neutral,Medio_Valor,Q5,0.1841860576413889
869,42,21047.0,1,Adulto,Bajo,Insatisfecho,Riesgo,Q1,-1.5425582327466325
870,59,29572.0,1,Mayor,Bajo,Insatisfecho,Riesgo,Q2,-1.5425582327466325
871,32,20892.0,10,Adulto_Joven,Bajo,Muy_Satisfecho,Bajo_Valor,Q1,1.5655814899518061
872,25,32615.0,3,Joven,Medio,Insatisfecho,Riesgo,Q2,-0.8518605165914239
873,18,31131.0,10,Joven,Medio,Muy_Satisfecho,Bajo_Valor,Q2,1.5655814899518061
874,26,53628.0,10,Adulto_Joven,Medio,Muy_Satisfecho,Medio_Valor,Q4,1.5655814899518061
875,34,69923.0,3,Adulto_Joven,Alto,Insatisfecho,Riesgo,Q5,-0.8518605165914239
876,56,72972.0,4,Mayor,Alto,Insatisfecho,Bajo_Valor,Q5,-0.5065116585138196
877,28,27416.0,2,Adulto_Joven,Bajo,Insatisfecho,Riesgo,Q2,-1.1972093746690282
878,37,32708.0,9,Adulto,Medio,Muy_Satisfecho,Bajo_Valor,Q2,1.2202326318742018
879,34,15650.0,10,Adulto_Joven,Bajo,Muy_Satisfecho,Bajo_Valor,Q1,1.5655814899518061
880,49,24271.0,7,Adulto,Bajo,Neutral,Bajo_Valor,Q1,0.5295349157189931
881,65,58831.0,7,Mayor,Medio,Neutral,Medio_Valor,Q5,0.5295349157189931
882,28,81453.0,6,Adulto_Joven,Alto,Neutral,Medio_Valor,Q5,0.1841860576413889
883,29,19591.0,3,Adulto_Joven,Bajo,Insatisfecho,Riesgo,Q1,-0.8518605165914239
884,47,27004.0,6,Adulto,Bajo,Neutral,Bajo_Valor,Q2,0.1841860576413889
885,43,35839.0,8,Adulto,Medio,Satisfecho,Bajo_Valor,Q3,0.8748837737965974
886,57,41776.0,8,Mayor,Medio,Satisfecho,Medio_Valor,Q3,0.8748837737965974
887,42,24226.0,9,Adulto,Bajo,Muy_Satisfecho,Bajo_Valor,Q1,1.2202326318742018
888,30,44892.0,1,Adulto_Joven,Medio,Insatisfecho,Riesgo,Q4,-1.5425582327466325
889,42,28654.0,1,Adulto,Bajo,Insatisfecho,Riesgo,Q2,-1.5425582327466325
890,48,36054.0,3,Adulto,Medio,Insatisfecho,Riesgo,Q3,-0.8518605165914239
891,44,47721.0,3,Adulto,Medio,Insatisfecho,Riesgo,Q4,-0.8518605165914239
892,41,36432.0,10,Adulto,Medio,Muy_Satisfecho,Bajo_Valor,Q3,1.5655814899518061
893,47,29196.0,8,Adulto,Bajo,Satisfecho,Bajo_Valor,Q2,0.8748837737965974
894,49,34378.0,10,Adulto,Medio,Muy_Satisfecho,Bajo_Valor,Q3,1.5655814899518061
895,51,34745.0,1,Mayor,Medio,Insatisfecho,Riesgo,Q3,-1.5425582327466325
896,42,30181.0,2,Adulto,Medio,Insatisfecho,Riesgo,Q2,-1.1972093746690282
897,32,31907.0,2,Adulto_Joven,Medio,Insatisfecho,Riesgo,Q2,-1.1972093746690282
898,36,80766.0,3,Adulto,Alto,Insatisfecho,Riesgo,Q5,-0.8518605165914239
899,49,48072.0,6,Adulto,Medio,Neutral,Medio_Valor,Q4,0.1841860576413889
900,25,31327.0,1,Joven,Medio,Insatisfecho,Riesgo,Q2,-1.5425582327466325
901,39,51455.0,2,Adulto,Medio,Insatisfecho,Riesgo,Q4,-1.1972093746690282
902,30,30732.0,1,Adulto_Joven,Medio,Insatisfecho,Riesgo,Q2,-1.5425582327466325
903,35,65287.0,5,Adulto_Joven,Alto,Insatisfecho,Bajo_Valor,Q5,-0.16116280043621536
904,50,43687.0,7,Adulto,Medio,Neutral,Medio_Valor,Q4,0.5295349157189931
905,37,34418.0,8,Adulto,Medio,Satisfecho,Bajo_Valor,Q3,0.8748837737965974
906,35,45426.0,10,Adulto_Joven,Medio,Muy_Satisfecho,Medio_Valor,Q4,1.5655814899518061
907,18,16556.0,1,Joven,Bajo,Insatisfecho,Riesgo,Q1,-1.5425582327466325
908,43,20673.0,7,Adulto,Bajo,Neutral,Bajo_Valor,Q1,0.5295349157189931
909,42,19991.0,5,Adulto,Bajo,Insatisfecho,Bajo_Valor,Q1,-0.16116280043621536
910,60,39006.0,6,Mayor,Medio,Neutral,Bajo_Valor,Q3,0.1841860576413889
911,31,86358.0,1,Adulto_Joven,Alto,Insatisfecho,Riesgo,Q5,-1.5425582327466325
912,37,110818.0,3,Adulto,Premium,Insatisfecho,Riesgo,Q5,-0.8518605165914239
913,37,49962.0,7,Adulto,Medio,Neutral,Medio_Valor,Q4,0.5295349157189931
914,53,46649.0,10,Mayor,Medio,Muy_Satisfecho,Medio_Valor,Q4,1.5655814899518061
915,33,14756.0,1,Adulto_Joven,Bajo,Insatisfecho,Riesgo,Q1,-1.5425582327466325
916,38,27685.0,7,Adulto,Bajo,Neutral,Bajo_Valor,Q2,0.5295349157189931
917,42,24492.0,5,Adulto,Bajo,Insatisfecho,Bajo_Valor,Q1,-0.16116280043621536
918,37,26624.0,1,Adulto,Bajo,Insatisfecho,Riesgo,Q2,-1.5425582327466325
919,29,33387.0,1,Adulto_Joven,Medio,Insatisfecho,Riesgo,Q3,-1.5425582327466325
920,37,28679.0,1,Adulto,Bajo,Insatisfecho,Riesgo,Q2,-1.5425582327466325
921,47,13498.0,9,Adulto,Bajo,Muy_Satisfecho,Bajo_Valor,Q1,1.2202326318742018
922,22,52783.0,3,Joven,Medio,Insatisfecho,Riesgo,Q4,-0.8518605165914239
923,36,21239.0,5,Adulto,Bajo,Insatisfecho,Bajo_Valor,Q1,-0.16116280043621536
924,26,40930.0,10,Adulto_Joven,Medio,Muy_Satisfecho,Medio_Valor,Q3,1.5655814899518061
925,49,102440.0,9,Adulto,Premium,Muy_Satisfecho,Alto_Valor,Q5,1.2202326318742018
926,18,22932.0,6,Joven,Bajo,Neutral,Bajo_Valor,Q1,0.1841860576413889
927,28,10248.0,9,Adulto_Joven,Bajo,Muy_Satisfecho,Bajo_Valor,Q1,1.2202326318742018
928,39,31476.0,8,Adulto,Medio,Satisfecho,Bajo_Valor,Q2,0.8748837737965974
929,53,62974.0,8,Mayor,Alto,Satisfecho,Alto_Valor,Q5,0.8748837737965974
930,34,96681.0,1,Adulto_Joven,Alto,Insatisfecho,Riesgo,Q5,-1.5425582327466325
931,28,19638.0,9,Adulto_Joven,Bajo,Muy_Satisfecho,Bajo_Valor,Q1,1.2202326318742018
932,57,46553.0,6,Mayor,Medio,Neutral,Medio_Valor,Q4,0.1841860576413889
933,18,28777.0,9,Joven,Bajo,Muy_Satisfecho,Bajo_Valor,Q2,1.2202326318742018
934,18,34441.0,3,Joven,Medio,Insatisfecho,Riesgo,Q3,-0.8518605165914239
935,40,116351.92000000009,3,Adulto,Premium,Insatisfecho,Riesgo,Q5,-0.8518605165914239
936,28,17128.0,6,Adulto_Joven,Bajo,Neutral,Bajo_Valor,Q1,0.1841860576413889
937,22,41227.0,9,Joven,Medio,Muy_Satisfecho,Medio_Valor,Q3,1.2202326318742018
938,43,45882.0,7,Adulto,Medio,Neutral,Medio_Valor,Q4,0.5295349157189931
939,37,62498.0,3,Adulto,Alto,Insatisfecho,Riesgo,Q5,-0.8518605165914239
940,28,38138.0,3,Adulto_Joven,Medio,Insatisfecho,Riesgo,Q3,-0.8518605165914239
941,19,42362.0,2,Joven,Medio,Insatisfecho,Riesgo,Q3,-1.1972093746690282
943,42,41546.0,3,Adulto,Medio,Insatisfecho,Riesgo,Q3,-0.8518605165914239
944,33,30589.0,5,Adulto_Joven,Medio,Insatisfecho,Bajo_Valor,Q2,-0.16116280043621536
945,57,49552.0,9,Mayor,Medio,Muy_Satisfecho,Medio_Valor,Q4,1.2202326318742018
946,22,30187.0,8,Joven,Medio,Satisfecho,Bajo_Valor,Q2,0.8748837737965974
947,18,43850.0,2,Joven,Medio,Insatisfecho,Riesgo,Q4,-1.1972093746690282
948,26,35788.0,3,Adulto_Joven,Medio,Insatisfecho,Riesgo,Q3,-0.8518605165914239
949,34,63769.0,2,Adulto_Joven,Alto,Insatisfecho,Riesgo,Q5,-1.1972093746690282
950,37,35394.0,8,Adulto,Medio,Satisfecho,Bajo_Valor,Q3,0.8748837737965974
951,32,14965.0,6,Adulto_Joven,Bajo,Neutral,Bajo_Valor,Q1,0.1841860576413889
952,39,68251.0,6,Adulto,Alto,Neutral,Medio_Valor,Q5,0.1841860576413889
953,19,23089.0,9,Joven,Bajo,Muy_Satisfecho,Bajo_Valor,Q1,1.2202326318742018
954,52,26189.0,8,Mayor,Bajo,Satisfecho,Bajo_Valor,Q2,0.8748837737965974
955,34,26961.0,4,Adulto_Joven,Bajo,Insatisfecho,Bajo_Valor,Q2,-0.5065116585138196
956,48,72201.0,4,Adulto,Alto,Insatisfecho,Bajo_Valor,Q5,-0.5065116585138196
957,39,12483.0,9,Adulto,Bajo,Muy_Satisfecho,Bajo_Valor,Q1,1.2202326318742018
958,40,116351.92000000009,1,Adulto,Premium,Insatisfecho,Riesgo,Q5,-1.5425582327466325
959,41,61576.0,2,Adulto,Alto,Insatisfecho,Riesgo,Q5,-1.1972093746690282
960,40,40603.0,2,Adulto,Medio,Insatisfecho,Riesgo,Q3,-1.1972093746690282
961,42,35332.0,6,Adulto,Medio,Neutral,Bajo_Valor,Q3,0.1841860576413889
962,50,41888.0,4,Adulto,Medio,Insatisfecho,Bajo_Valor,Q3,-0.5065116585138196
963,37,47125.0,10,Adulto,Medio,Muy_Satisfecho,Medio_Valor,Q4,1.5655814899518061
964,43,50141.0,3,Adulto,Medio,Insatisfecho,Riesgo,Q4,-0.8518605165914239
965,33,47944.0,3,Adulto_Joven,Medio,Insatisfecho,Riesgo,Q4,-0.8518605165914239
966,52,37979.0,3,Mayor,Medio,Insatisfecho,Riesgo,Q3,-0.8518605165914239
967,26,32903.0,6,Adulto_Joven,Medio,Neutral,Bajo_Valor,Q2,0.1841860576413889
968,56,33670.0,8,Mayor,Medio,Satisfecho,Bajo_Valor,Q3,0.8748837737965974
969,34,32943.0,7,Adulto_Joven,Medio,Neutral,Bajo_Valor,Q2,0.5295349157189931
970,18,64015.0,4,Joven,Alto,Insatisfecho,Bajo_Valor,Q5,-0.5065116585138196
971,36,48863.0,4,Adulto,Medio,Insatisfecho,Bajo_Valor,Q4,-0.5065116585138196
972,26,8348.0,10,Adulto_Joven,Bajo,Muy_Satisfecho,Bajo_Valor,Q1,1.5655814899518061
973,45,50410.0,2,Adulto,Medio,Insatisfecho,Riesgo,Q4,-1.1972093746690282
974,27,40029.0,1,Adulto_Joven,Medio,Insatisfecho,Riesgo,Q3,-1.5425582327466325
975,29,35977.0,9,Adulto_Joven,Medio,Muy_Satisfecho,Bajo_Valor,Q3,1.2202326318742018
976,18,29903.0,2,Joven,Bajo,Insatisfecho,Riesgo,Q2,-1.1972093746690282
977,29,63707.0,8,Adulto_Joven,Alto,Satisfecho,Alto_Valor,Q5,0.8748837737965974
978,18,58323.0,9,Joven,Medio,Muy_Satisfecho,Medio_Valor,Q5,1.2202326318742018
979,18,24675.0,4,Joven,Bajo,Insatisfecho,Bajo_Valor,Q1,-0.5065116585138196
980,44,44512.0,8,Adulto,Medio,Satisfecho,Medio_Valor,Q4,0.8748837737965974
981,44,22340.0,9,Adulto,Bajo,Muy_Satisfecho,Bajo_Valor,Q1,1.2202326318742018
982,40,18218.0,10,Adulto,Bajo,Muy_Satisfecho,Bajo_Valor,Q1,1.5655814899518061
983,23,26546.0,10,Joven,Bajo,Muy_Satisfecho,Bajo_Valor,Q2,1.5655814899518061
984,34,55893.0,5,Adulto_Joven,Medio,Insatisfecho,Bajo_Valor,Q4,-0.16116280043621536
985,34,58487.0,7,Adulto_Joven,Medio,Neutral,Medio_Valor,Q5,0.5295349157189931
986,21,46936.0,10,Joven,Medio,Muy_Satisfecho,Medio_Valor,Q4,1.5655814899518061
987,53,52184.0,4,Mayor,Medio,Insatisfecho,Bajo_Valor,Q4,-0.5065116585138196
988,45,47008.0,1,Adulto,Medio,Insatisfecho,Riesgo,Q4,-1.5425582327466325
989,32,26350.0,3,Adulto_Joven,Bajo,Insatisfecho,Riesgo,Q2,-0.8518605165914239
990,35,45069.0,5,Adulto_Joven,Medio,Insatisfecho,Bajo_Valor,Q4,-0.16116280043621536
991,37,54187.0,3,Adulto,Medio,Insatisfecho,Riesgo,Q4,-0.8518605165914239
992,18,52952.0,7,Joven,Medio,Neutral,Medio_Valor,Q4,0.5295349157189931
993,32,65805.0,9,Adulto_Joven,Alto,Muy_Satisfecho,Alto_Valor,Q5,1.2202326318742018
994,26,51748.0,6,Adulto_Joven,Medio,Neutral,Medio_Valor,Q4,0.1841860576413889
995,22,43292.0,10,Joven,Medio,Muy_Satisfecho,Medio_Valor,Q4,1.5655814899518061
996,31,62011.0,1,Adulto_Joven,Alto,Insatisfecho,Riesgo,Q5,-1.5425582327466325
997,56,35837.0,7,Mayor,Medio,Neutral,Bajo_Valor,Q3,0.5295349157189931
998,42,23366.0,3,Adulto,Bajo,Insatisfecho,Riesgo,Q1,-0.8518605165914239
999,28,33472.0,5,Adulto_Joven,Medio,Insatisfecho,Bajo_Valor,Q3,-0.16116280043621536
1000,41,25022.0,10,Adulto,Bajo,Muy_Satisfecho,Bajo_Valor,Q2,1.5655814899518061
